0,01.org
1,100-gute-gruende.de
2,10gen.com
3,1177.se
4,123-reg.co.uk
5,123systems.net
6,174.129.231.240
7,1and1.ca
8,1and1.co.uk
9,1and1.com
10,1cart.co.nz
11,1cart.com
12,1f0.de
13,1nightstandstory.com
14,1time.aero
15,2012.guadec.org
16,2020mobile.es
17,2checkout.com
18,33across.com
19,37signals.com
20,38.de
21,3cdn.net
22,3dstats.com
23,3questionsgetthegirl.com
24,451research.com
25,4chan.org
26,4qinvite.4q.iperceptions.com
27,4sevens.com
28,4shared.com
29,4tulemar.com
30,53.com
31,5apps.com
32,65.181.183.157
33,65.98.18.218
34,6xq.net
35,74.86.17.250
36,76.9.16.34
37,7chan.org
38,99.se
39,9gag.com
40,9seeds.com
41,Avanza.se
42,a.fsdn.com
43,a.intentmedia.net
44,a.ucsd.edu
45,a248.e.akamai.net
46,a4.ucsd.edu
47,aa.com
48,aaai.org
49,aaenhunze.nl
50,aans.org
51,aasi.ebm.fi
52,aasi.ebm.fi-legacy.s3.amazonaws.com
53,abbo-shop.ch
54,abccommercial.com
55,abclinuxu.cz
56,abebooks.co.uk
57,abebooks.com
58,aber-ac-uk.campuspack.eu
59,aber.ac.uk
60,aberdeencity.gov.uk
61,aberdeenshire.gov.uk
62,abiliba.net
63,abine.com
64,abnamro.nl
65,aboutads.info
66,aboutairportparking.com
67,aboutus.org
68,abovealloffers.com
69,academy.frieslandcampina.com
70,accelacomm.com
71,accelaworks.com
72,accellion.com
73,access.caltech.edu
74,accessibility.nl
75,accesslink.ucsd.edu
76,accessnow.org
77,account.bigcommerce.com
78,account.login.aol.com
79,account.nasuni.com
80,account.norton.com
81,accounts.chambal.com
82,ace-host.net
83,acenet-inc.net
84,acikakademi.com
85,aclu-sc.org
86,aclu.org
87,acluofnc.org
88,acluofnorthcarolina.org
89,acluva.org
90,acm.org
91,acms.ucsd.edu
92,acpa.ca
93,acromediainc.com
94,acs-webmail.ucsd.edu
95,acs.ucsd.edu
96,act.demandprogress.org
97,act.ucsd.edu
98,actblue.com
99,actel.com
100,action.citizen.org
101,action.mathtag.com
102,actonsoftware.com
103,ad.crwdcntrl.net
104,ad3.adfarm1.adition.com
105,adacore.com
106,adafruit.com
107,adage.com
108,adam.law.harvard.edu
109,adblade.com
110,adblockplus.org
111,adbrite.com
112,adda-sr.org
113,addbooks.se
114,addictech.com
115,addons.videolan.org
116,addthis.com
117,adfarm.mediaplex.com
118,adfs.sandvine.com
119,adlibris.com
120,admeld.com
121,admin.1and1.ca
122,admin.1and1.co.uk
123,admin.1and1.com
124,admin.clarahost.co.uk
125,admin.groupcommerce.com
126,admin.he.net
127,admin.hosts.co.uk
128,admin.names.co.uk
129,admin.omgpm.com
130,admin.valueclickmedia.com
131,adminmedia.spontex.org
132,admission.com
133,admissions.ucsb.edu
134,adnxs.com
135,adoyacademy.se
136,adperfect.com
137,ads.flatdy.com
138,ads.neudesicmediagroup.com
139,ads.okcimg.com
140,adscendmedia.com
141,adserver.adtechus.com
142,adsimilis.com
143,aea.se
144,aeolusproject.org
145,aeriagames.com
146,aesnet.org
147,affili.net
148,affiliatewindow.com
149,afford.com
150,affutd.com
151,afrinic.net
152,afsp.org
153,aftenposten.no
154,agnitum.com
155,ai-online.com
156,ai.ai
157,ai.hitbox.com
158,aiasurety.com
159,aim.com
160,aiportal.iperceptions.com
161,airshipventures.com
162,airtricity.com
163,airvpn.org
164,ajax.aspnetcdn.com
165,ak.c.ooyala.com
166,akademikerforsakring.se
167,akcdn.okccdn.com
168,akincludes.okccdn.com
169,akismet.com
170,alaska.edu
171,alaskaair.com
172,alastairs-place.net
173,aldi-nord.de
174,aldi-sued.de
175,aldinord.de
176,aldisued.de
177,alerts.it.ufl.edu
178,alertsite.com
179,alex.se
180,alexa.com
181,alice-dsl.de
182,alice.de
183,all4xs.net
184,allafrica.com
185,allerderm.com
186,allingsas.se
187,alt.coxnewsweb.com
188,alternate-b2b.nl
189,alternate.be
190,alternate.nl
191,altng.ucsd.edu
192,alumne.dtu.dk
193,alumni.fit.edu
194,alumni.utah.edu
195,amahi.org
196,amazonwebservices.com
197,ambest.com
198,ambx.com
199,ameba.jp
200,american.edu
201,americanaexchange.com
202,americanexpress.com
203,amersfoort.nl
204,amiga.adage.com
205,amnesty.org
206,amnesty.org.uk
207,amp.collective.com
208,amstelveen.nl
209,amsterdam.nl
210,amway.com
211,analysis.avira.com
212,anb.com.sa
213,andersonvalleypost.com
214,androidguiden.idg.se
215,androidpolice.com
216,angus.gov.uk
217,animenfo.com
218,annualcreditreport.com
219,anomos.info
220,anonsvn.wireshark.org
221,anonym-surfen.de
222,anonymous-proxy-servers.net
223,anonymousads.com
224,anpost.ie
225,ansa.it
226,antispam-ev.de
227,anybeat.com
228,anz.com
229,aok.de
230,aol.co.uk
231,aol.com
232,aolctoftp.red.aol.com
233,apache-ssl.org
234,apache.org
235,apc.org
236,api.creativecommons.org
237,api.echoenabled.com
238,api.flattr.com
239,api.instagram.com
240,api.mail.aol.com
241,api.mywot.com
242,api.nanigans.com
243,api.recaptcha.net
244,api.recurly.com
245,api.yamli.com
246,api.yubico.com
247,apis.google.com
248,apmebf.com
249,apnic.net
250,apollohq.com
251,apollon.uio.no
252,apoteket.se
253,app.codesion.com
254,app.curdbee.com
255,app.dialshield.com
256,app.mediaplex.com
257,app.readspeaker.com
258,app.recurly.com
259,app.stacktack.com
260,app.volunteer2.com
261,app.xaraonline.com
262,apperdeck.com
263,apple.com
264,applebees.com
265,apply.berklee.edu
266,appnew.outreach.psu.edu
267,apps.bigcommerce.com
268,apps.southend.gov.uk
269,apps.ubertags.com
270,appspot.com
271,appworld.blackberry.com
272,april.org
273,aps.org
274,apwu.org
275,apwustore.org
276,aquent.com
277,aquent.us
278,ar.atwola.com
279,arbeitsagentur.de
280,arch-stuff.org
281,archive.installgentoo.net
282,archive.org
283,archiveofourown.org
284,archlinux.org
285,archos.com
286,argos-spain.co.uk
287,argos.co.uk
288,argos.ie
289,argoscareers.com
290,argosemails.co.uk
291,argosonline.es
292,ariejan.net
293,arlanda.se
294,arpnetworks.com
295,ars.els-cdn.com
296,ars.usda.gov
297,artinstitutes.edu
298,artpractical.com
299,arvixe.com
300,arxiv.org
301,asana.com
302,ascenderfonts.com
303,asia.boots.com
304,asiointi.hel.fi
305,ask.barclays.co.uk
306,ask.linaro.org
307,askubuntu.com
308,asp.readspeaker.net
309,aspectsecurity.com
310,assembla.com
311,asset-0.tenderapp.com
312,asset-1.tenderapp.com
313,asset-2.tenderapp.com
314,assets.fit.edu
315,assets.kachingle.com
316,assets.musicwindow.com
317,assets.puma.com
318,assets.resultspage.com
319,assets.slisystems.com
320,assets.sunlightfoundation.com
321,assistly.com
322,associatedcontent.com
323,astaro.com
324,asu.edu
325,atariage.com
326,atbank.nl
327,atemda.com
328,atheists.org
329,atlanticmetro.net
330,atlassian.com
331,atlassian.wpengine.netdna-cdn.com
332,atomic-clock.org.uk
333,atomiccowlick.com
334,atomicorp.com
335,attracta.com
336,atypon.com
337,audible.de
338,audit.median.hu
339,aufeminin.com
340,aulis.plaza.fi
341,austrian.com
342,auth.athensams.net
343,auth.dtu.dk
344,auth.s1.exacttarget.com
345,auth.whiskeymedia.com
346,authorize.net
347,authorizenet.com
348,auto.bigmir.net
349,auto.local.ch
350,avaaz.org
351,avangate.com
352,aventeur.ucsd.edu
353,avira.com
354,avoinministerio.fi
355,avoinyliopisto.fi
356,avropa.se
357,avt.foto.mail.ru
358,aweber.com
359,awesomejar.com
360,awin1.com
361,awltovhc.com
362,aws-portal.amazon.com
363,aws.amazon.com
364,azingsport.se
365,b.gzhls.at
366,b3-uk.mookie1.com
367,b3.mookie1.com
368,backbonesecurity.com
369,backend.alumnenet.dtu.dk
370,backoffice.sedo.de
371,backstreet-merch.com
372,backstreetmerch.com
373,backupify.com
374,badongo.com
375,badoo.com
376,badwarebusters.org
377,bagatoo.se
378,bahn-bkk.de
379,bahn.de
380,balatarin.com
381,baldershage.se
382,balkongshoppen.se
383,ballicom.co.uk
384,bamsecure.com
385,bamshop.co.uk
386,bandcamp.com
387,bankcoop.ch
388,bankieren.rabobank.nl
389,bankofscotland.de
390,bankrate.com
391,banners.victor.com
392,barclaycard.co.uk
393,barclays.co.uk
394,barclayscorporate.com
395,baremetal.com
396,barmer-gek.de
397,barnesandnoble.com
398,barnskospecialisten.se
399,bassetlaw.gov.uk
400,bathnes.gov.uk
401,bayfiles.com
402,bbb.org
403,bbbonline.org
404,bbbsilicon.org
405,bcgolf.com
406,bcp.crwdcntrl.net
407,beatsmedia.com
408,beautybar.com
409,becoquin.com
410,becu.org
411,becuonlinebanking.org
412,behance.net
413,belpino.se
414,benaughty.com
415,benchmarking.greenit-bb.de
416,bendigobank.com.au
417,bepress.com
418,bergdorfgoodman.com
419,bergenopzoom.nl
420,berkeleychessschool.org
421,berkman.harvard.edu
422,berlinonline.de
423,beryl-themes.org
424,bestlawyers.com
425,bet365.com
426,bet365affiliates.com
427,bethere.co.uk
428,bethsoft.com
429,betnet.fr
430,betvictor.com
431,beyondsecurity.com
432,bhiab.se
433,bibl.sh.se
434,bibliometrics.ki.se
435,bidz.com
436,bigbrotherawards.de
437,bigcommerce.com
438,bikebiz.com
439,billetnet.dk
440,billettservice.no
441,binarybiz.com
442,binaryturf.com
443,binero.se
444,bing.com
445,binsearch.info
446,binsearch.net
447,biomedcentral.com
448,biotech.inbre.alaska.edu
449,birthprint.com
450,bit.ly
451,bit.ly.pro
452,bitbucket.org
453,bitcoin.it
454,bitcoinmarket24.com
455,bitcointalk.org
456,bitgamer.com
457,bitgamer.su
458,bitinstant.com
459,bitly.com
460,bitly.pro
461,bitmit.net
462,bitnamihosting.com
463,bittit.info
464,bizjournals.com
465,bizrate.com
466,bkk-advita.de
467,bkw-fmb.ch
468,blackboard.aber.ac.uk
469,blackhat.com
470,blacknight.com
471,blackpool.gov.uk
472,blamestella.com
473,blau.de
474,blekko.com
475,blipp.com
476,blockbuster.co.uk
477,blocket.se
478,blockexplorer.com
479,blockscript.com
480,blog.bazaar.canonical.com
481,blog.crypto.is
482,blog.domaintools.com
483,blog.fefe.de
484,blog.hartwork.org
485,blog.lenovo.com
486,blog.litespeedtech.com
487,blog.local.ch
488,blog.nic.cz
489,blog.nodejitsu.com
490,blog.obnox.de
491,blog.openttdcoop.org
492,blog.securitymetrics.com
493,blogger.co.uk
494,blogger.com
495,blogoverflow.com
496,blogs.fsfe.org
497,blogs.fsfeurope.org
498,blogs.taz.de
499,blogs.technet.com
500,blogs.verisign.com
501,blogspot.co.uk
502,blogspot.com
503,bluehost.com
504,bluemovie.eu
505,bluemovie.net
506,bn.com
507,bnz.co.nz
508,boards.ie
509,boarnsterhim.nl
510,bodum.com
511,boe.es
512,boinc.berkeley.edu
513,bokborgen.se
514,bokelskere.no
515,bolagsverket.se
516,boldchat.com
517,boltbus.com
518,bookdepository.co.uk
519,booking.com
520,booking.swiss.com
521,bookings.ibizarocks.com
522,bookit.nl
523,booklog.jp
524,bookmyname.com
525,bookstore.ucsd.edu
526,bookworm.oreilly.com
527,boots.com
528,boots.no
529,borne.nl
530,borrowsmart.afford.com
531,boss.berlinonline.de
532,bothar.ie
533,boum.org
534,bournemouth.gov.uk
535,box-look.org
536,box.qweery.nl
537,boxee.tv
538,boxer.bmc.uu.se
539,boxuk.com
540,bprbzk.nl
541,bps.org.uk
542,bpsshop.org.uk
543,bpt.bz
544,bpt.me
545,br.inter.net
546,brabant.nl
547,bradford.gov.uk
548,brainbench.com
549,brainshark.com
550,braintree.gov.uk
551,branchprod.harland.net
552,brandsaver.ca
553,braunschweig.de
554,brenet.de
555,brent.gov.uk
556,briandunning.com
557,britcoin.co.uk
558,britishairways.com
559,brmlab.cz
560,broadbandreports.com
561,broadcasthe.net
562,broadinstitute.org
563,broadland.gov.uk
564,brownpapertickets.com
565,browserid.org
566,browsershots.org
567,bs.serving-sys.com
568,bt.com
569,btcbuy.info
570,btcguild.com
571,btcsportsbet.com
572,btczone.com
573,btdigg.org
574,btguard.com
575,bth.se
576,btjunkie.org
577,btunnel.com
578,budgetgolf.se
579,bugs.downthemall.net
580,bugs.exherbo.org
581,bugs.freedesktop.org
582,bugs.qastaging.launchpad.net
583,bugs.schokokeks.org
584,bugs.staging.launchpad.net
585,bugzilla.freedesktop.org
586,bugzilla.mozdev.org
587,bugzilla.xfce.org
588,build.opensuse.org
589,buildbot.twistedmatrix.com
590,bulbman.com
591,bulksms.co.uk
592,bullguard.com
593,bundesnetzagentur.de
594,bundesverfassungsgericht.de
595,bungie.net
596,bunkus.org
597,burnley.gov.uk
598,burst.net
599,business-query.caltech.edu
600,business.idg.se
601,business.tomtom.com
602,businessinsider.com
603,businesslink.gov.uk
604,businesswire.com
605,bussgods.se
606,buy-static.norton.com
607,buy-static1.norton.com
608,buy.norton.com
609,buyboard.com
610,bverfg.de
611,bwin.com
612,bww.com
613,byo.com
614,byte.com
615,byu.edu
616,c-base.org
617,c.velaro.com
618,ca-pca.fr
619,cacert.org
620,cacetech.com
621,cache.addthiscdn.com
622,cache0.bookdepository.co.uk
623,cache1.bookdepository.co.uk
624,cache2.bookdepository.co.uk
625,cache3.bookdepository.co.uk
626,cadair.aber.ac.uk
627,cadence.com
628,cadw.wales.gov.uk
629,cafepress.co.uk
630,cafepress.com
631,caisse-epargne.com
632,calderdale.gov.uk
633,calendar.cs.cmu.edu
634,calendarwiz.com
635,calum.org
636,calyxinstitute.org
637,cambeywest.com
638,camden.gov.uk
639,campact.de
640,campaign.canaldigital.fi
641,campinaopschool.nl
642,canadapost.ca
643,canadianwebhosting.com
644,canaldigital.no
645,canterbury.gov.uk
646,canv.as
647,canvasholidays.co.uk
648,capdesign.idg.se
649,capify.org
650,capris.no
651,carbonwind.net
652,cardealerstudy.com
653,careerbuilder.com
654,careerperfect.com
655,careers.aber.ac.uk
656,careers.dyson.com
657,cari.net
658,carousel.rsc.org
659,cart.sxsw.com
660,cartercenter.org
661,cas.fit.edu
662,cas.ki.se
663,cas.org
664,casascius.com
665,cashback.co.uk
666,cashboardapp.com
667,casinoaffiliateprograms.com
668,catalog.librivox.org
669,catalog.plsinfo.org
670,cato.com
671,catooh.com
672,causes.com
673,causes.presscdn.com
674,cbb.dk
675,cbfisap.ed.gov
676,cbo.gov
677,ccc.de
678,cda.nl
679,cdn-origin.snv.vcmedia.com
680,cdn-static.viddler.com
681,cdn-thumbs.viddler.com
682,cdn.api.twitter.com
683,cdn.betacie.com
684,cdn.betacie.net
685,cdn.cloudfiles.mosso.com
686,cdn.coderwall.com
687,cdn.cpnscdn.com
688,cdn.dealer.com
689,cdn.echoenabled.com
690,cdn.els-cdn.com
691,cdn.geekwire.com
692,cdn.idg.com.au
693,cdn.images.dailystar-uk.co.uk
694,cdn.imgjam.com
695,cdn.imgstat.com
696,cdn.itproportal.com
697,cdn.lib.newsvine.com
698,cdn.livestream.com
699,cdn.lsistatic.com
700,cdn.medgadget.com
701,cdn.myfonts.com
702,cdn.myfonts.net
703,cdn.okcimg.com
704,cdn.picstat2.com
705,cdn.printfriendly.org
706,cdn.quilt.janrain.com
707,cdn.sstatic.net
708,cdn.static.computerandvideogames.com
709,cdn.static.viddler.com
710,cdn.static.zdbb.net
711,cdn.statimgs2.com
712,cdn.webmail.aol.com
713,cdn.wl.easydategroup.com
714,cdn.zenfolio.net
715,cdn1.therepublic.com
716,cdn1.vendocdn.com
717,cdnetworks.co.jp
718,cdon.se
719,cdt.org
720,cdw.com
721,cdwg.com
722,ced.sascdn.com
723,celiac.org
724,cell.com
725,cengagebrain.co.uk
726,cengagebrain.com
727,censorship.govt.nz
728,census.gov
729,centos.org
730,ceredigion.gov.uk
731,cert.fi
732,cert.org
733,cert.pl
734,cert.se
735,certificates.starfieldtech.com
736,certs.starfieldtech.com
737,challenge25.go.jp
738,change.org
739,changemakers.com
740,channel5.com
741,charitynavigator.org
742,charlottenaturemuseum.org
743,charnwood.gov.uk
744,chartbeat.com
745,chase.com
746,chat.hostican.com
747,chatwithourteam.com
748,chcidoo2.cz
749,cheapssls.com
750,check24.de
751,checkin.continental.com
752,checkpoint.com
753,checksconnect.com
754,cheezburger.com
755,chemspider.com
756,cherwell.gov.uk
757,cheshireeast.gov.uk
758,cheznous.com
759,child3.ki.se
760,chillingeffects.org
761,chipin.com
762,chl.it
763,chnm.gmu.edu
764,chooseyourhallroom.dmu.ac.uk
765,christianprayercenter.com
766,chronicle.com
767,chroniclebooks.com
768,cia.com
769,ciao.de
770,cibc.com
771,cinfo.ucsd.edu
772,cio.com.au
773,citeseerx.ist.psu.edu
774,citeulike.org
775,citizen.org
776,citizensinformation.ie
777,citrix.com
778,city-link.co.uk
779,cityofchicago.org
780,cityoflondon.gov.uk
781,cj.com
782,cjib.nl
783,claimconnect.net
784,classifiedads.dailynews.com
785,classzone.com
786,clearchain.com
787,cleverbridge.com
788,cleverbridge.org
789,cli-apps.org
790,click-finder.jp
791,click.lavabit.com
792,click.showcase-tv.jp
793,clickbank.com
794,clickbank.net
795,clicktracks.com
796,client.bitvps.com
797,clients.medialayer.com
798,clientservices.automatedqa.com
799,clothingattesco.com
800,cloud.24way.org
801,cloud.idg.se
802,cloudaccess.net
803,cloudflare.com
804,cloudfront.mediamatters.org
805,cloudfront.omgubuntu.co.uk
806,cloudmark.com
807,cloudsecurityalliance.org
808,cloudswitch.com
809,club.dealextreme.com
810,club.dx.com
811,cm.commerce5.com
812,cmpadministration.com
813,cmpxchg8b.com
814,cms.dynamo-dresden.de
815,cms.gov
816,cms.hhs.gov
817,cms.junostatic.com
818,cmswire.com
819,cmu.edu
820,cno.org
821,co-operativebank.co.uk
822,coastdigital.co.uk
823,cod.ed.gov
824,code.breakfastquay.com
825,codecoop.org
826,codeplex.com
827,codesourcery.com
828,codespeak.net
829,codeweavers.com
830,coevorden.nl
831,coindl.com
832,collabora.com
833,coloradoattorneygeneral.gov
834,coloradonocall.com
835,comdirect.de
836,comic-con.net
837,comic-con.org
838,commerce.guidestar.org
839,commercialappeal.com
840,commitfest.postgresql.org
841,commondreams.org
842,communigate.com
843,communities.netapp.com
844,community.developer.authorize.net
845,community.nasdaq.com
846,community.plus.net
847,community.rapid7.com
848,community.ussf2010.org
849,companiesintheuk.co.uk
850,comparethemarket.com
851,comparis.ch
852,competitionsbywyndham.com.au
853,complaint.ic3.gov
854,computerandvideogames.com
855,computersweden.idg.se
856,computerworld.com
857,computerworld.com.au
858,compuware.com
859,comviq.se
860,config.schokokeks.org
861,conformal.com
862,connect.facebook.net
863,connect.me
864,connect.megapathwholesale.com
865,connect.opensuse.org
866,connect.paradoxplaza.com
867,connecthr.nl
868,consilium.europa.eu
869,console.ubertags.com
870,constantcontact.com
871,consumeraffairs.com
872,consumerdirect.gov.uk
873,consumersupport.lenovo.com
874,contact-privacy.com
875,content.dyson.co.uk
876,content.prnewswire.com
877,contentcafe2.btol.com
878,continental.com
879,control.preyproject.com
880,convar.com
881,convar.de
882,conversionruler.com
883,coochey.net
884,cookie.monster.com
885,coop.ch
886,coop.no
887,coophotellkupp.no
888,corelan.be
889,cornell.edu
890,corningcu.org
891,cortera.com
892,corts.hq.nasa.gov
893,costco.com
894,cotse.net
895,cottages4you.co.uk
896,cottagesdirect.co.uk
897,cottageselection.co.uk
898,couchsurfing.org
899,countdown.opensuse.org
900,counter.li.org
901,counter.opensuse.org
902,coupons.com
903,couragecampaign.org
904,courant.com
905,courses.caltech.edu
906,courthousenews.com
907,covacations.com
908,coverageforall.org
909,covisint.com
910,coxnewsweb.com
911,cp.element5.com
912,cpanel.net
913,cpj.org
914,cpsc.gov
915,crate.io
916,crcpress.com
917,create.msdn.com
918,createspace.com
919,creativecommons.net
920,creativecommons.org
921,creativezone.mediamind.com
922,creativity-online.com
923,creocommunico.com
924,cri.ucsd.edu
925,crm-metrix.com
926,crn.com
927,crn.verticalsearchworks.com
928,crocko.com
929,cryptanalysis.eu
930,crypto.cat
931,crypto.is
932,cryptosms.org
933,cs.arizona.edu
934,cs.fit.edu
935,cs.idg.se
936,cs.joensuu.fi
937,cs.ucsd.edu
938,cs.utah.edu
939,cs.uwaterloo.ca
940,csbs.utah.edu
941,csclub.uwaterloo.ca
942,cse.ucsd.edu
943,csis.dk
944,csjobb.idg.se
945,csrsupport.com
946,css-seeker.newjobs.com
947,css.pantheos.com
948,csul.iii.com
949,csulb.edu
950,ctera.com
951,cts.vresp.com
952,ctt.pt
953,ctunnel.com
954,cultura.no
955,cupid.com
956,curvehost.com
957,cusp.com
958,customer.convio.net
959,customerhub.net
960,customerlobby.com
961,cve.mitre.org
962,cvimellesgriot.com
963,cvs.sedo.de
964,cvut.cz
965,cwaa.ki.se
966,cyber.law.harvard.edu
967,cyberagent.co.jp
968,cyberghostvpn.com
969,cykloteket.se
970,cyphertite.com
971,cz.mbank.eu
972,cz.o2.com
973,d1.openx.org
974,d66.nl
975,daad.de
976,dabs.com
977,daha.net
978,daily.co.uk
979,dailystar.co.uk
980,dailyutahchronicle.com
981,dakko.us
982,dal.net
983,dar.fm
984,dare.kotex.com
985,das-elena-verfahren.de
986,das-labor.org
987,dashboard.covad.com
988,dashboard.longtailvideo.com
989,dashboard.open-mesh.com
990,dashboard.stelter.com
991,dashboard.voice.aol.com
992,data.fm
993,data.phishtank.com
994,datacenterknowledge.com
995,datalink2.labcorp.com
996,datapipe.co.uk
997,datapipe.com
998,datapipe.net
999,datatilsynet.no
1000,datatracker.ietf.org
1001,datavantage.com
1002,datenretter.de
1003,datenschutz.de
1004,datenschutzzentrum.de
1005,dav.dropdav.com
1006,dbe.sedo.de
1007,dbnnor.no
1008,dcerpc.org
1009,ddg.gg
1010,dea.com
1011,deaconess.com
1012,deakin.edu.au
1013,dealcent.com
1014,dealchicken.com
1015,dealextreme.com
1016,dealspwn.com
1017,debian-art.org
1018,debian-fr.org
1019,deco.proteste.pt
1020,deepbit.net
1021,defcon.org
1022,degica.com
1023,del.icio.us
1024,delicious.com
1025,delico.se
1026,delivery.pizzahut.co.uk
1027,delta.no
1028,demandbase.com
1029,demandprogress.org
1030,demandstudios.com
1031,demandware.com
1032,demandware.edgesuite.net
1033,demandware.net
1034,demo.idg.com.au
1035,democracyinaction.org
1036,democracynow.org
1037,demonoid.com
1038,demonoid.me
1039,demonoid.ph
1040,dentalxchange.com
1041,dephormation.org.uk
1042,depolitiezoekt.nl
1043,depositfiles.com
1044,depositprotection.com
1045,derby.gov.uk
1046,deri.ie
1047,desk.com
1048,desktop.ucsd.edu
1049,desktop.vovici.com
1050,deutschebkk.de
1051,dev.laptop.org
1052,dev.metasploit.com
1053,dev.openttdcoop.org
1054,dev.sandbox.autos.aol.com
1055,develop-online.net
1056,develop.5apps.com
1057,developer.android.com
1058,developer.local.ch
1059,developer.mydigipass.com
1060,developer.openx.org
1061,developer.pidgin.im
1062,developer.symbian.org
1063,developerforce.com
1064,devon.gov.uk
1065,devstructure.com
1066,dfri.se
1067,dhl.de
1068,diagonalperiodico.net
1069,dialogue.openboard.info
1070,dialogue.shareholder.com
1071,dianomi.com
1072,diasp.org
1073,diasporafoundation.org
1074,die-linke.de
1075,die.net
1076,digicert.com
1077,digid.nl
1078,digipaper.fi
1079,digitabportals.com
1080,digitalegesellschaft.de
1081,digitalforensicsmagazine.com
1082,digitec.ch
1083,digiumenterprise.com
1084,directories.piers.com
1085,directory.andrew.cmu.edu
1086,directory.domaintools.com
1087,directorystore.com
1088,directspace.net
1089,disability.gov
1090,discogs.com
1091,discounttheatre.com
1092,discoveryplace.org
1093,discoveryplacekids.org
1094,discussion.dreamhost.com
1095,discussions.europe.nokia.com
1096,diskusjon.no
1097,dittdistrikt.no
1098,divshare.com
1099,djangoproject.com
1100,djoser.nl
1101,djoserjunior.nl
1102,djoserwandelenfiets.nl
1103,djurrattsalliansen.se
1104,dkb.de
1105,dl-web.dropbox.com
1106,dl.btjunkie.org
1107,dl.degica.com
1108,dl.dropbox.com
1109,dl.ed.gov
1110,dl.taz.de
1111,dma.org.uk
1112,dmu.ac.uk
1113,dna1.mookie1.com
1114,dnevnik.bigmir.net
1115,dnsexit.com
1116,dnuk.com
1117,doc.opensuse.org
1118,docreader.readspeaker.com
1119,docstoc.com
1120,doctorswithoutborders.org
1121,document.no
1122,documentcloud.org
1123,documentfoundation.org
1124,doesburg.nl
1125,dokuwiki.org
1126,domainfest.com
1127,domainmarket.com
1128,domainsponsor.com
1129,domaintools.com
1130,domeinenrz.nl
1131,domena.cz
1132,donate.perlfoundation.org
1133,donate.thenation.com
1134,donations.rspca.org.uk
1135,doncaster.gov.uk
1136,donorregister.nl
1137,dopplr.com
1138,doriancolor.com
1139,dot-bit.org
1140,dot5hosting.com
1141,dotcomhost.com
1142,dotster.com
1143,dover.gov.uk
1144,downloads.kachingle.com
1145,dr.com.tr
1146,dragndropbuilder.com
1147,dreamhost.com
1148,dreamspark.com
1149,driverseddirect.com
1150,dropbox.com
1151,dropbox.uu.se
1152,dropcam.com
1153,dropdav.com
1154,drugpolicy.org
1155,drumbeat.org
1156,drupal.org
1157,drweb.com
1158,dslreports.com
1159,dtc.gplhost.co.uk
1160,dtc.gplhost.com
1161,dtic.dtu.dk
1162,dtu.dk
1163,dtunnel.com
1164,duck.co
1165,duckduckgo.com
1166,dudley.gov.uk
1167,duiven.nl
1168,dundeecity.gov.uk
1169,dx.com
1170,dynadot.com
1171,dynamic-net.ch
1172,dynamic-support.ch
1173,dynamitedata.com
1174,dynatrace.com
1175,dyson.co.uk
1176,dyson.ie
1177,e-boks.dk
1178,e-fibank.bg
1179,e-gold.com
1180,e-grants.ed.gov
1181,e.dealextreme.com
1182,e17-stuff.org
1183,e621.net
1184,ea.com
1185,eas.blocket.se
1186,eas4.emediate.eu
1187,easports.com
1188,east-northamptonshire.gov.uk
1189,easthants.gov.uk
1190,eastlothian.gov.uk
1191,eastriding.gov.uk
1192,easy-share.com
1193,easycottages.com
1194,easydns.com
1195,easydns.net
1196,easynews.com
1197,ebanking.indovinabank.com.vn
1198,ebid.net
1199,ebscohost.com
1200,ecdrappeals.ed.gov
1201,ece.ucsd.edu
1202,ece.unm.edu
1203,ecess1.cdn.continent8.com
1204,ecn.dev.virtualearth.net
1205,ecommerce.com
1206,economist.com
1207,ecsi.com
1208,ecustomeropinions.com
1209,ed.gov
1210,ed2go.com
1211,edas.info
1212,ede-look.org
1213,edgar-online.com
1214,edge.ldscdn.org
1215,edihealth.com
1216,edihealth.net
1217,edinburgh.gov.uk
1218,edixml.melkweb.com
1219,edixml.mycampina.com
1220,edp.pt
1221,edrive-hosting.cz
1222,edubuntu.org
1223,educause.edu
1224,efa.org.au
1225,eff.org
1226,efinancialnews.com
1227,egg.com
1228,egnyte.com
1229,eharmony.com
1230,ehoiva-fi.directo.fi
1231,ehoiva.fi
1232,ehostpros.com
1233,eigenlab.org
1234,eiseverywhere.com
1235,ekiga.net
1236,ekiga.org
1237,elanex.biz
1238,elburg.nl
1239,electronicinsanity.com
1240,elgiganten.se
1241,eliminatejunkemail.com
1242,elionfacadv.oas.psu.edu
1243,elmbridge.gov.uk
1244,elq.to
1245,elsevier.ca
1246,elsevierhealth.co.uk
1247,elsevierhealth.com
1248,elsevierhealth.com.au
1249,emeraldinsight.com
1250,employeeexpress.gov
1251,emsisoft.com
1252,en.spontex.org
1253,encosia.com
1254,energystar.gov
1255,enfield.gov.uk
1256,english-country-cottages.co.uk
1257,eniro.se
1258,enom.com
1259,enphase.com
1260,enphaseenergy.com
1261,ensijaturvakotienliitto-fi.directo.fi
1262,ensijaturvakotienliitto.fi
1263,enta.net
1264,enterprise-ssl-admin.verisign.com
1265,enterprise.podomatic.com
1266,entropia.de
1267,envirotrend.com.au
1268,enwp.org
1269,epa.ie
1270,epay.bg
1271,epic.org
1272,epilepsyfoundation.org
1273,epilepsyontario.org
1274,epls.gov
1275,epoxate.com
1276,epson.ca
1277,epson.com
1278,epson.com.mx
1279,eriga.lv
1280,ernaehrung-per-klick.de
1281,erowid.com
1282,erowid.org
1283,es.premium.members.webs.com
1284,esb.ie
1285,esbie.ie
1286,esc.edu
1287,escan.com
1288,eshopbrokers.co.uk
1289,esiss.ac.uk
1290,eso.org
1291,espacejeux.com
1292,esrb.org
1293,essex.gov.uk
1294,esue.ohio-state.edu
1295,etouches.com
1296,etracker.com
1297,ets.org
1298,eu.link.decdna.net
1299,eu1.snoobi.com
1300,euro-ix.net
1301,euronuclear.org
1302,european-privacy-seal.eu
1303,europeancensorship.eu
1304,eveger.de
1305,eventbrite.co.uk
1306,eventbrite.com
1307,events.fit.edu
1308,evernote.com
1309,evga.com
1310,evga.com.au
1311,evga.com.tw
1312,exacttarget.com
1313,exchange.aber.ac.uk
1314,exchanges.nyx.com
1315,exgf.teenbff.com
1316,exjobb.meb.ki.se
1317,exootlab.com
1318,expertbail.com
1319,explore.co.uk
1320,explorechicago.org
1321,export.gov
1322,express-vpn.com
1323,extended-validation-ssl.verisign.com
1324,extension.ucsb.edu
1325,extensis.com
1326,external.microsoftstoreservices.com
1327,extreme.idg.se
1328,ezimages.eu
1329,ezinearticles.com
1330,ezproxy.plsinfo.org
1331,ezrss.it
1332,eztv.it
1333,f.cl.ly
1334,f.fontdeck.com
1335,f5.com
1336,f5networks.co.jp
1337,faaaccess.ed.gov
1338,faancollegenetwork.org
1339,facebook.com
1340,facebook.de
1341,facebook.fr
1342,facilities.ucsd.edu
1343,factiva.com
1344,factor.cc
1345,fafsa.ed.gov
1346,fafsa.gov
1347,fafsademo.test.ed.gov
1348,fafsalivehelp01.ed.gov
1349,faiusa.org
1350,falkirk.gov.uk
1351,fanboy.co.nz
1352,fandago.com
1353,fandango.com
1354,fanpagegeneratorpro.com
1355,fareham.gov.uk
1356,farmaciforbundet.se
1357,fas.org
1358,fass.se
1359,fastdomain.com
1360,fasthosts.co.uk
1361,fastmail.fm
1362,fasttrack.va.gov
1363,fastwebhost.com
1364,fatcow.com
1365,fau.org
1366,fb.com
1367,fb.finam.ru
1368,fb18.de
1369,fbdatesecure.com
1370,fbo.gov
1371,fbs.admin.utah.edu
1372,fcc.gov
1373,fcns.eu
1374,fco.gov.uk
1375,fcpablog.com
1376,features.opensuse.org
1377,federalregister.gov
1378,federatedinvestors.com
1379,fedorahosted.org
1380,fedoraproject.org
1381,feedblitz.com
1382,feedmyinbox.com
1383,feefighters.com
1384,feitbulbs.com
1385,fellowship.fsfe.org
1386,fellowship.fsfeurope.org
1387,fenland.gov.uk
1388,fetchback.com
1389,fetlife.com
1390,fhi.se
1391,fhs.se
1392,fiannafail.ie
1393,fibank.bg
1394,fiddler2.com
1395,fieldportal.netapp.com
1396,fifedirect.org.uk
1397,file.kelleybluebookimages.com
1398,filebox.tv
1399,filer.anst.uu.se
1400,filer.student.uu.se
1401,files.dreamhost.com
1402,files.dropbox.com
1403,files.gizmag.com
1404,files.namecheap.com
1405,files.status.net
1406,filmthreat.com
1407,financiallink.ucsd.edu
1408,findababysitter.com.au
1409,findmyorder.com
1410,finn.no
1411,finnchamber.com
1412,fins.com
1413,firehost.com
1414,firstcentralsb.com
1415,firstdirect.com
1416,firstgiving.com
1417,fiskeriverket.se
1418,fit.edu
1419,fitbit.com
1420,five.tv
1421,flameeyes.eu
1422,flashback.org
1423,flattr.com
1424,flavors.me
1425,flic.kr
1426,flickr.com
1427,flightglobal.com
1428,flightglobalshop.com
1429,flo.cno.org
1430,floridatoday.com
1431,fluxbb.org
1432,fmv.se
1433,fmworld.net
1434,fmylife.com
1435,fnal.gov
1436,fnt.webink.com
1437,focus.de
1438,foebud.org
1439,fokus.no
1440,folksam.se
1441,fonder.ki.se
1442,fontdeck.com
1443,fontmarketplace.com
1444,fonts.com
1445,fontslive.com
1446,fontspring.com
1447,foodallergy.org
1448,foofighters.com
1449,fool.co.uk
1450,fool.com
1451,fool.com.au
1452,fora.tv
1453,forbrukerportalen.no
1454,force.com
1455,forensischinstituut.nl
1456,forex-metal.com
1457,forge.ocamlcore.org
1458,forge.projet-coclico.org
1459,foriswine.com
1460,form.cz.mbank.eu
1461,form.mbank.com.pl
1462,form.sk.mbank.eu
1463,forms.nrc.gov
1464,formstack.com
1465,forrester.com
1466,forsakringskassan.se
1467,forsvarsforbundet.se
1468,fortum.com
1469,fortunetango.com
1470,forum.1and1.com
1471,forum.avast.com
1472,forum.avira.com
1473,forum.bytemark.co.uk
1474,forum.hackinthebox.org
1475,forum.hostican.com
1476,forum.jquery.com
1477,forum.xfce.org
1478,forums.addons.mozilla.org
1479,forums.alliedmods.net
1480,forums.binaryturf.com
1481,forums.netbeans.org
1482,forums.sabnzbd.org
1483,forums.zotero.org
1484,forwardtogether.sites.medinfo.ufl.edu
1485,fosdem.org
1486,fossbazaar.org
1487,foursquare.com
1488,fr.spontex.org
1489,franchiseradioshack.cloudapp.net
1490,franchiseradioshack.com
1491,freecode.com
1492,freedns.afraid.org
1493,freedom-to-tinker.com
1494,freedomboxfoundation.org
1495,freelancer.co.uk
1496,freelancer.com
1497,freemail.sebijk.com
1498,freenetproject.org
1499,freenode.net
1500,freeprivacypolicy.com
1501,french-country-cottages.co.uk
1502,fribid.se
1503,frictionalgames.com
1504,frid.ge
1505,friendfeed-media.com
1506,friendfeed.com
1507,frontlinedefenders.org
1508,frs.monotypeimaging.com
1509,frwp.org
1510,fsadownload.ed.gov
1511,fsaregistration.ed.gov
1512,fsawebenroll.ed.gov
1513,fsf.org
1514,fsfe.org
1515,fsfeurope.org
1516,ftd.de
1517,ftp.rnl.ist.utl.pt
1518,ftp.ucsb.edu
1519,fujitsu-webmart.com
1520,fullcirclestudies.com
1521,fusion-net.co.uk
1522,fusionforge.org
1523,fusionio.com
1524,fuzeqna.com
1525,fwd.channel5.com
1526,fwdcdn.channel5.com
1527,fylde.gov.uk
1528,g-ir.com
1529,g5.gov
1530,gaia.adage.com
1531,gajim.org
1532,gamasutra.com
1533,gambling-affiliation.com
1534,gamcare.org.uk
1535,gamebase.dealspwn.com
1536,gameinformer.com
1537,gandi.net
1538,garlandscience.com
1539,gartner.com
1540,gateshead.gov.uk
1541,gatewaysb.com
1542,gathering.tweakers.net
1543,gayromeo.com
1544,gcentral.biz
1545,gdata-software.com
1546,gdata.youtube.com
1547,geek.net
1548,gefpmis.org
1549,geizhals.at
1550,geldermalsen.nl
1551,gemeenteberkelland.nl
1552,gemeentebest.nl
1553,gemeentenoordenveld.nl
1554,gemeentewesterveld.nl
1555,gemeentewestland.nl
1556,gencat.cat
1557,genome.gov
1558,gentoo-art.org
1559,georgetown.edu
1560,geotrust.com
1561,german-design-council.de
1562,get.gaug.es
1563,getbuckyballs.com
1564,getcashboard.com
1565,getclicky.com
1566,getdigital.de
1567,getfirebug.com
1568,getmein.com
1569,getpersonas.com
1570,getsatisfaction.com
1571,gettingreal.37signals.com
1572,gftplns.org
1573,ghostery.com
1574,gibill.va.gov
1575,giblod.no
1576,gifts.dreamhost.com
1577,gifts.rspca.org.uk
1578,gigaserver.cz
1579,gigaset.com
1580,gigaset01.webtrekk.net
1581,gigasize.com
1582,gigya.com
1583,git.netfilter.org
1584,git.nic.cz
1585,github.com
1586,gitorious.org
1587,givekidstheworld.com
1588,givekidstheworld.org
1589,givekidstheworldstore.org
1590,giveto.mariestopes.org.au
1591,gkg.net
1592,gktw.com
1593,gktw.org
1594,glad.org
1595,glasgow.gov.uk
1596,glenscott.net
1597,global.ahnlab.com
1598,global.latin.epson.com
1599,globalchokepoints.org
1600,globalscaletechnologies.com
1601,globalsign.com
1602,globaltestsupply.com
1603,globalwitness.org
1604,gloucestershire.gov.uk
1605,gls.de
1606,gls.gls-service.de
1607,glype.com
1608,gmail.com
1609,gmu.edu
1610,gmx.co.uk
1611,gn.apc.org
1612,gna.org
1613,gnome-help.org
1614,gnome-look.org
1615,gnome.org
1616,gnomefiles.org
1617,gnu.org
1618,gnunet.org
1619,go.utah.edu
1620,goals.ar.gy
1621,godaddy.com
1622,godaddymobile.com
1623,godownloadsongs.com
1624,goduke.com
1625,goingup.com
1626,goldenorb.trinity.duke.edu
1627,golf2go.net
1628,golflink.com
1629,golflink.net
1630,goo.gl
1631,good.net
1632,goodnet.com
1633,goodpoint.de
1634,goodreads.com
1635,goodsie.com
1636,google-melange.com
1637,google.ca
1638,google.com
1639,googlecode.com
1640,googlemail.com
1641,googlesource.com
1642,googleusercontent.com
1643,gotomeeting.com
1644,govcert.nl
1645,govexec.com
1646,gowalla.com
1647,gpp.partners.sophos.com
1648,gpul.org
1649,graasmilk.net
1650,gradapply.ucsd.edu
1651,gradschool.utah.edu
1652,graduateapp.ucsd.edu
1653,grassroots.org
1654,gravatar.com
1655,gravity.com
1656,grc.com
1657,grcmc.org
1658,greatteachersgreatschools.org
1659,greencar.com
1660,greentechmedia.com
1661,greplin.com
1662,grepular.com
1663,gridserver.com
1664,griffith.edu.au
1665,groenlinks.nl
1666,groton.org
1667,grouplogic.com
1668,groupon.co.uk
1669,groupon.de
1670,groupon.se
1671,groups.google.de
1672,groupwise.boell.de
1673,grsecurity.net
1674,grupfoni.com
1675,gsfacket.se
1676,gsm.t-mobile.nl
1677,gsn.com
1678,gstatic.com
1679,gtk-apps.org
1680,gu.se
1681,guadec.org
1682,guardianbookshop.co.uk
1683,guardianeatright.co.uk
1684,guardianproject.info
1685,guide.local.ch
1686,guide.macports.org
1687,guidestar.org
1688,guifi.net
1689,gulesider.no
1690,gun.io
1691,gunadiframework.com
1692,gynecomastia.org
1693,gzhls.at
1694,gzip.static.woot.com
1695,haaksbergen.nl
1696,haarlemmermeer.nl
1697,habervision.com
1698,hackerschool.com
1699,hackinthebox.org
1700,hackney.gov.uk
1701,hadalog.jp
1702,hakko.com
1703,halebop.se
1704,halifax.co.uk
1705,hamburg.de
1706,hammacher.com
1707,hamppu.net
1708,handbrake.fr
1709,hants.gov.uk
1710,harland.com
1711,harland.net
1712,harlandclarke.com
1713,harlandclarkegiftcard.com
1714,harlandclarkewebsmart.com
1715,harlandforms.com
1716,hastings.gov.uk
1717,hawaiianair.com
1718,hboeck.de
1719,hc2.humanclick.com
1720,hd.se
1721,hddn.com
1722,hdh.ucsd.edu
1723,hds.nerc.ac.uk
1724,hds.ucsd.edu
1725,hdsa.org
1726,he.net
1727,health.ucsd.edu
1728,healthcheckusa.com
1729,healthunlocked.com
1730,heathkit.com
1731,heerenveen.nl
1732,heise.de
1733,helloneighbour.com
1734,helmholtz-berlin.de
1735,help.codesion.com
1736,help.livingsocial.co.uk
1737,help.sixapart.com
1738,help.tenderapp.com
1739,help.ting.com
1740,helpdesk.bluehost.com
1741,helpdesk.softcom.com
1742,helpdesk.uu.se
1743,helsinki.fi
1744,hercules.rr.com
1745,herdict.org
1746,herefordshire.gov.uk
1747,heroesofnewerth.com
1748,heroku.com
1749,hertsdirect.org
1750,hetlnvloket.nl
1751,hetzner.de
1752,heusden.nl
1753,hexagon.cc
1754,hg.edgewall.org
1755,hg.mozdev.org
1756,hgo.se
1757,hh.se
1758,hhmi.org
1759,hi5.com
1760,hidemyass.com
1761,hig.se
1762,highbeam.com
1763,hillingdon.gov.uk
1764,hilversum.nl
1765,hinckley-bosworth.gov.uk
1766,hinckleyandbosworthonline.org.uk
1767,his.com
1768,his.se
1769,history.lds.org
1770,hits.dealer.com
1771,hjcms.de
1772,hjv.dk
1773,hjv.kursuslogin.dk
1774,hkk.de
1775,hm.com
1776,hmv.co.uk
1777,hmv.com
1778,hoitonetti.fi
1779,hoku.co.jp
1780,holidaybreak.co.uk
1781,home.americanexpress.com
1782,home.comcast.net
1783,home.student.uu.se
1784,homebase.co.uk
1785,homebase.com
1786,hoorn.nl
1787,hopstudios.com
1788,horde.hauke-m.de
1789,horstaandemaas.nl
1790,hoseasons.co.uk
1791,host1plus.com
1792,hostcentric.com
1793,hostcreo.com
1794,hostdime.com
1795,hostdimedomains.com
1796,hostica.com
1797,hosting.de.inter.net
1798,hosting.lavabit.com
1799,hostmonster.com
1800,hosts.co.uk
1801,hoteltotravel.com
1802,hotfile.com
1803,hotmail.com
1804,hotukdeals.com
1805,hotwire.com
1806,house.resource.org
1807,houten.nl
1808,hover.com
1809,howtowriteabookasap.com
1810,hrc.org
1811,hrsmart.com
1812,hsbctrinkaus.de
1813,hslda.org
1814,hsr.ch
1815,hsv.se
1816,http.cdnlayer.com
1817,httpsnow.org
1818,httpwatch.com
1819,hud.gov
1820,huizen.nl
1821,huk.de
1822,humblebundle.com
1823,hummingbird.sandiegoreader.com
1824,hungerhost.com
1825,huntcal.com
1826,hurdman.app.bbb.org
1827,hush-hush.com
1828,hushmail.com
1829,hustlercanada.com
1830,hustlermagazine.com
1831,hvb.de
1832,hypem.com
1833,hypersend.labcorp.com
1834,hypovereinsbank.de
1835,i-cdn.openx.com
1836,i.bigmir.net
1837,i.chzbgr.com
1838,i.creativecommons.org
1839,i.crn.com
1840,i.dslr.net
1841,i.duck.co
1842,i.encosia.com
1843,i.fantasyfootball.telegraph.co.uk
1844,i.grvcdn.com
1845,i.imm.io
1846,i.lsimg.net
1847,i.o2active.cz
1848,i.pgcdn.com
1849,i.techweb.com
1850,i1.blogs.msdn.com
1851,i1.mbsvr.net
1852,i1.ooshirts.com
1853,i2.ooshirts.com
1854,iaapa.org
1855,iab.net
1856,iam.netelligent.ca
1857,iamplify.com
1858,iana.org
1859,iberia.com
1860,ic.tweakimg.net
1861,ic3.gov
1862,ica.se
1863,icann.org
1864,icarol.com
1865,icculus.org
1866,ice.gov
1867,iceheberg.fr
1868,icio.us
1869,icmail.com
1870,ico.gov.uk
1871,icommons.org
1872,ics.uci.edu
1873,icu-project.org
1874,icukhosting.co.uk
1875,id.local.ch
1876,idefense.verisign.com
1877,idefix.com
1878,identi.ca
1879,identitytheft.org.uk
1880,idg.se
1881,idgkonto.idg.se
1882,idgmedia.idg.se
1883,idnet.net
1884,ido.justgive.org
1885,idofoundation.org
1886,idp.feide.no
1887,idpedir.dmu.ac.uk
1888,idprotect.verisign.com
1889,idstronghold.com
1890,ieee.org
1891,ielts.org
1892,ientry.com
1893,ietf.org
1894,ifa.ch
1895,ifap.ed.gov
1896,iflygo.com
1897,ignum.cz
1898,iis.net
1899,iis.se
1900,ikk-gesundplus.de
1901,ikk-suedwest.de
1902,illinois.edu
1903,illinoislawreview.org
1904,ilo.org
1905,im.post.ch
1906,image.ahnlab.com
1907,image.email.argos.co.uk
1908,images.amazon.com
1909,images.bertrams.com
1910,images.bookdepository.co.uk
1911,images.bucketexplorer.com
1912,images.dailystar-uk.co.uk
1913,images.deals.woot.com
1914,images.discogsmp3.com
1915,images.eurogamer.net
1916,images.gizmag.com
1917,images.grupfoni.com
1918,images.instagram.com
1919,images.junostatic.com
1920,images.liftshare.com
1921,images.paypal.com
1922,images.redbox.com
1923,images.store.westlaw.com
1924,images.thebookpeople.co.uk
1925,images.thecarconnection.com
1926,images.tomsofmainestore.com
1927,images.yemeksepetim.com
1928,imagesa.btol.com
1929,imagesb.btol.com
1930,imagesc.btol.com
1931,imageshack.us
1932,imagesrv.gartner.com
1933,imaginecup.com
1934,imdb.com
1935,imediaconnection.com
1936,imf.org
1937,img-cdn.mediaplex.com
1938,img-seeker.newjobs.com
1939,img.a4apphack.com
1940,img.coxnewsweb.com
1941,img.domaintools.com
1942,img.dxcdn.com
1943,img.jp.fujitsu.com
1944,img.mediaplex.com
1945,img.sedoparking.com
1946,img.ui-portal.de
1947,img.yawoot.com
1948,imgbox.com
1949,immi.is
1950,immo.local.ch
1951,immunityinc.com
1952,ims-dm.com
1953,inachinashop.com
1954,inbox.influenceexplorer.com
1955,incamail.ch
1956,incircle.com
1957,includes.okcimg.com
1958,indiegogo.com
1959,individual-villas.co.uk
1960,indybay.org
1961,indymedia.org
1962,indymedia.org.uk
1963,inet.se
1964,inetinteractive.com
1965,info.local.ch
1966,infomaniak.ch
1967,infomaniak.com
1968,informatik.uni-hamburg.de
1969,informationweek.com
1970,informit.com
1971,infosecurity-magazine.com
1972,infoworld.com
1973,infragard.net
1974,infusionsoft.com
1975,ingdirect.es
1976,inmotionhosting.com
1977,inria.fr
1978,insa-strasbourg.fr
1979,inschrijven.nl
1980,insidehighered.com
1981,insight.com
1982,insightcommunity.com
1983,inspiration.dal.net
1984,instagr.am
1985,instantemail.t-mobile.co.uk
1986,instantpage.me
1987,instantssl.com
1988,instapaper.com
1989,institute.lds.org
1990,insurance.va.gov
1991,intellichat.com
1992,intelligence.house.gov
1993,intentmedia.co.uk
1994,interactivemediaawards.com
1995,intern.connecthr.nl
1996,internal.ncsa.illinois.edu
1997,internetbs.net
1998,internetconsultatie.nl
1999,internetretailer.com
2000,internetsociety.org
2001,internews.org
2002,internt.slu.se
2003,interspire.com
2004,interworx.com
2005,intra.kth.se
2006,intranet.ku.dk
2007,investor.gov
2008,investor.shareholder.com
2009,investor.verisign.com
2010,investorflow.com
2011,investsmart.com.au
2012,invisionpower.com
2013,inwx.de
2014,ion.postclickmarketing.com
2015,ip-check.info
2016,ipa.jp
2017,ipage.com
2018,ipcc.ch
2019,ipinvite.iperceptions.com
2020,ipo.gov.uk
2021,ipredator.org
2022,ips-invite.iperceptions.com
2023,ips-portal.iperceptions.com
2024,ipswich.gov.uk
2025,iptc.org
2026,ipv6.he.net
2027,irf.se
2028,iris.va.gov
2029,irish-country-cottages.co.uk
2030,irishbroadband.ie
2031,irsecure.caltech.edu
2032,irwinlaw.com
2033,is.puma.com
2034,isc.org
2035,isc.sans.edu
2036,isc.sans.org
2037,isis.poly.edu
2038,islington.gov.uk
2039,isohunt.com
2040,ist.utl.pt
2041,it.bmc.uu.se
2042,it24.idg.se
2043,it24tjanster.idg.se
2044,italian-country-cottages.co.uk
2045,itella.fi
2046,itex.com
2047,ithaca.edu
2048,its.caltech.edu
2049,itslearning.com
2050,itu.dk
2051,ivona.bigmir.net
2052,iwantmytvmagazine.com
2053,iwdc.ucsd.edu
2054,iwight.com
2055,ixquick.com
2056,ixwebhosting.com
2057,j.mp
2058,ja.net
2059,jabber.ru
2060,jackandjill.ie
2061,jackandjillraffle.com
2062,jackandjillraffle.org
2063,jacobsstudent.ucsd.edu
2064,jal.co.jp
2065,jambit.com
2066,jamesvillas.co.uk
2067,jamieoliver.com
2068,janraincapture.com
2069,jappix.com
2070,java-apps.org
2071,java.com
2072,java.twistedmatrix.com
2073,jboss.com
2074,jet2.com
2075,jetbrains.com
2076,jinx.com
2077,jira.mongodb.org
2078,jitec.jp
2079,jobamatic.com
2080,jobboerse.arbeitsagentur.de
2081,jobs.ridemetro.org
2082,jobs.urbandictionary.com
2083,jobs2web.com
2084,jobsatosu.com
2085,jobscore.com
2086,jobscout24.de
2087,join.me
2088,joindiaspora.com
2089,joker.com
2090,jondos.org
2091,joomla.org
2092,joslin.org
2093,jottit.com
2094,journals.cambridge.org
2095,journeyed.com
2096,joyclub.de
2097,joyent.com
2098,jp.fujitsu.com
2099,jscss.cp.ctscdn.com
2100,jstor.org
2101,junge-piraten.de
2102,juniper.net
2103,juno.co.uk
2104,junodownload.com
2105,junostatic.com
2106,jusek.se
2107,justcloud.com
2108,justgive.org
2109,justgiving.com
2110,justhost.com
2111,justia.com
2112,justitie.nl
2113,justtomatoes.com
2114,jvn.jp
2115,kabel.canaldigital.no
2116,kabeldeutschland.de
2117,kachingle.com
2118,kampyle.com
2119,kangurum.com.tr
2120,kantarlatam.com
2121,karagarga.net
2122,karmankardon.nl
2123,karwansaraypublishers.com
2124,kasserver.com
2125,kastatic.com
2126,kat.ph
2127,kathrein.de
2128,kau.se
2129,kaw.stb.s-msn.com
2130,kaw.stc.s-msn.com
2131,kayak.com
2132,kbb.com
2133,kbs.de
2134,kcl.ac.uk
2135,kde-apps.org
2136,kde-files.org
2137,kde-help.org
2138,kde-look.org
2139,keepassx.org
2140,kei.pl
2141,kemi.se
2142,kent.gov.uk
2143,kernel.org
2144,kettering.gov.uk
2145,keyerror.com
2146,keys.schokokeks.org
2147,khamacademy.org
2148,khan-academy.appspot.com
2149,khronos.org
2150,kib.ki.se
2151,kickasstorrents.com
2152,kickstarter.com
2153,kidshealth.org
2154,kikatek.com
2155,kintera.com
2156,kintera.org
2157,kirjoitusalusta.fi
2158,kirklees.gov.uk
2159,kismetwireless.net
2160,kitapyurdu.com
2161,kkh-allianz.de
2162,kkh.se
2163,klm.com
2164,kmh.se
2165,knowledge.verisign-grs.com
2166,knowledge.verisign.ch
2167,knowledge.verisign.co.nz
2168,knowledge.verisign.co.uk
2169,knowledge.verisign.com.au
2170,knowledge.verisign.com.hk
2171,knowledge.verisign.com.sg
2172,knowledge.verisign.com.tw
2173,knowledge.verisign.de
2174,knowledge.verisign.dk
2175,knowledge.verisign.es
2176,knowledge.verisign.fr
2177,knowledge.verisign.se
2178,kohls.com
2179,kommunal.se
2180,komplett.no
2181,konami.com
2182,konstfack.se
2183,kosmetik-per-klick.de
2184,kotex.com
2185,kpn.com
2186,kpn.nl
2187,kproxy.com
2188,kpt.ch
2189,krebsonsecurity.com
2190,kriminalvarden.se
2191,kryptronic.com
2192,ksplice.com
2193,kth.se
2194,kuantokusta.pt
2195,kundcenter.prq.se
2196,kunde.comdirect.de
2197,kunden.main-host.de
2198,kungfunation.com
2199,kungfustore.com
2200,kunk.org
2201,kuro5hin.org
2202,kuther.net
2203,kuvalehdet.fi
2204,kwiksurveys.com
2205,kyberia.sk
2206,kyps.net
2207,l2020.org
2208,la-hora.org
2209,labaia.ws
2210,labbb.org
2211,labcorp.com
2212,labcorpsolutions.com
2213,labs.chevronwp7.com
2214,labs.igalia.com
2215,labs.nic.cz
2216,labs.verisign.com
2217,lacaixa.es
2218,laforge.gnumonks.org
2219,lambda-tek.com
2220,landalcampings.be
2221,landalcampings.de
2222,landalcampings.nl
2223,landalgreenparks.com
2224,landliebe.de
2225,lansforsakringar.se
2226,lantmateriet.se
2227,lastcall.com
2228,lastminute.com
2229,latimes.com
2230,launchpad.37signals.com
2231,launchpad.net
2232,launchpadlibrarian.net
2233,lauramercier.com
2234,lavabit.com
2235,law.resource.org
2236,law.umich.edu
2237,law.utah.edu
2238,lawblog.de
2239,lbhf.gov.uk
2240,lds.org
2241,ldscdn.org
2242,lduhtrp.net
2243,leadertech.com
2244,learn.iis.net
2245,ledgerscope.net
2246,leechaccess.com
2247,lef.org
2248,legacy.com
2249,legal.nodejitsu.com
2250,legitscript.com
2251,leicestershire.gov.uk
2252,lelo.com
2253,lenovo.co.uk
2254,lenovo.com
2255,lenovoorders.com
2256,lensrentals.com
2257,leukemiafoundation.org
2258,lexisnexis.com
2259,li.ru
2260,libanywhere.com
2261,libav.org
2262,liberty-human-rights.org.uk
2263,libraries.ucsd.edu
2264,libraryh3lp.com
2265,librarything.com
2266,libreoffice.org
2267,libreofficebox.org
2268,librivox.org
2269,license.avira.com
2270,lichtblick.de
2271,lifeinthefastlane.ca
2272,lifeline.org.au
2273,liferay.com
2274,liftshare.com
2275,lighthouseapp.com
2276,lighttpd.net
2277,liliani.com.br
2278,lilliputti.com
2279,linbit.com
2280,lincolnshire.gov.uk
2281,lindtusa.com
2282,linksmail.de
2283,linksysbycisco.com
2284,linode.com
2285,linutronix.de
2286,linux-magazin.de
2287,linux-mips.org
2288,linux.com
2289,linux.org.ru
2290,linux42.org
2291,linuxcounter.net
2292,linuxdaily.com
2293,linuxfoundation.org
2294,linuxfr.org
2295,linuxmint-art.org
2296,linuxquestions.org
2297,linx.net
2298,lippupalvelu.fi
2299,liquidweb.com
2300,lists.fit.edu
2301,lists.gnumonks.org
2302,lists.mindrot.org
2303,lists.ocamlcore.org
2304,litespeedtech.com
2305,lithium.com
2306,liu.se
2307,livechat.zendesk.com
2308,livechatinc.com
2309,liveinternet.ru
2310,livejournal.com
2311,liveperson.com
2312,liveperson.hosted.jivesoftware.com
2313,liveperson.net
2314,livestrong.com
2315,livestrong.org
2316,livingsocial.com
2317,lizardtech.com
2318,lkml.org
2319,llnl.gov
2320,loadimpact.com
2321,local.ch
2322,localedge.com
2323,localsearchassociation.org
2324,lochem.nl
2325,loctudy.fr
2326,logbuch.c-base.org
2327,logentries.com
2328,logilab.fr
2329,login.andersonvalleypost.com
2330,login.dhts.duke.edu
2331,login.icommons.harvard.edu
2332,login.monster.com
2333,login.naukri.com
2334,login.netapp.com
2335,login.netdna.com
2336,login.novell.com
2337,login.proxy.library.ucsb.edu
2338,login.rubiconproject.com
2339,login.sapo.pt
2340,login.softwareplanner.com
2341,login.staging.launchpad.net
2342,logmein.com
2343,logmeinrescue.com
2344,lon.manage.rackspacecloud.com
2345,london.gov.uk
2346,london2012.com
2347,londonstockexchange.com
2348,longtailvideo.com
2349,loopfuse.com
2350,loopfuse.net
2351,loopia.se
2352,loopiasecure.com
2353,loopt.com
2354,lotusoriginals.com
2355,lovefood.com
2356,lovemoney.com
2357,lp0.eu
2358,lpdedicated.com
2359,lplogin.com
2360,lqttswr.readspeaker.com
2361,lso.com
2362,ludios.org
2363,lulu.com
2364,lunarmods.com
2365,lunarpages.co.uk
2366,lunarpages.com
2367,lunarpages.com.mx
2368,luneta.nearbuysystems.com
2369,lung.ca
2370,luxhv.com
2371,luxsci.com
2372,luxsci.mobi
2373,lwn.net
2374,lyris.com
2375,lyrishq.com
2376,m-privacy.de
2377,m.friendfeed-media.com
2378,m.hotukdeals.com
2379,m.mobot.net
2380,m.news.mail.ru
2381,m.spontex.org
2382,m.what.cd
2383,m3.idg.se
2384,m86security.com
2385,maarssen.nl
2386,maastricht.nl
2387,maawg.org
2388,macosforge.org
2389,macports.org
2390,macruby.org
2391,macworld.idg.se
2392,maddcalifornia.org
2393,madstein.at
2394,maemo-apps.org
2395,maeweb.ucsd.edu
2396,magazine.fastcompany.com
2397,magazine.lotus.com
2398,mageia.org
2399,magix-online.com
2400,magix.com
2401,magix.info
2402,magnatune.com
2403,magnet.ie
2404,mah.se
2405,maidstone.gov.uk
2406,mail.alumni.caltech.edu
2407,mail.com
2408,mail.hover.com
2409,mail.init7.net
2410,mail.metasploit.com
2411,mail.o2active.cz
2412,mail.physics.byu.edu
2413,mail.teknik.uu.se
2414,mail.theatomgroup.com
2415,mail.verticalmedia.com
2416,mail.win.dtu.dk
2417,mail01.math.byu.edu
2418,mail2web.com
2419,mailchimp.com
2420,mailxchange.1and1.co.uk
2421,mailxchange.1and1.com
2422,main-host.de
2423,majestic12.co.uk
2424,majesticseo.com
2425,majordesignsdollfashions.com
2426,makemytrip.com
2427,mamba.ru
2428,manage.audienceadnetwork.com
2429,manage.name.com
2430,manage.rackspacecloud.com
2431,manage.sprintpcs.com
2432,manchester.gov.uk
2433,mandriva.com
2434,manhattan-institute.org
2435,manufrog.com
2436,map.local.ch
2437,maps-api-ssl.google.com
2438,maps.google.com
2439,maps.googleapis.com
2440,maps.gstatic.com
2441,maps.org
2442,mariestopes.org.au
2443,market.android.com
2444,market.local.ch
2445,marketfoolery.com
2446,marketo.com
2447,marketo.net
2448,marketplace.ricoh.com.sg
2449,marketplace.ucsd.edu
2450,marketwire.com
2451,markmonitor.com
2452,marksandspencer.com
2453,marvell.com
2454,massagemag.com
2455,materiel.net
2456,mattmccutchen.net
2457,max.se
2458,maxmind.com
2459,mayfirst.org
2460,mayoclinic.com
2461,maysoft.com
2462,mbdetox.com
2463,mc.manuscriptcentral.com
2464,mclu.org
2465,mcvuk.com
2466,mdh.se
2467,mdns.verisign.com
2468,mds-media.ch
2469,measuredvoice.com
2470,medallion.kachingle.com
2471,media.24way.org
2472,media.cdn.liquidweb.com
2473,media.corp.whiskeymedia.com
2474,media.dreamhost.com
2475,media.dyson.com
2476,media.economist.com
2477,media.fit.edu
2478,media.ldscdn.org
2479,media.marketwire.com
2480,media.monster.com
2481,media.newjobs.com
2482,media.pantheos.com
2483,media.petridish.org
2484,media.readspeaker.com
2485,media.screened.com
2486,media.spontex.org
2487,media.techtarget.com
2488,media.ticketmaster.eu
2489,medialayer.net
2490,mediamarkt.se
2491,mediamath.com
2492,mediamatters.org
2493,mediastorehouse.com
2494,mediastorehouse.net
2495,mediate.com
2496,mediatemple.net
2497,mediawiki.org
2498,medicalert.org
2499,medicare.gov
2500,medikamente-per-klick.de
2501,medley.isc-seo.upenn.edu
2502,medrx.sensis.com.au
2503,medstop.se
2504,meebo.com
2505,meego.com
2506,meerssen.nl
2507,meez.crwdcntrl.net
2508,megapath.com
2509,mekanist.net
2510,melkweb.com
2511,melkweb.frieslandcampina.com
2512,meltwater.com
2513,meltwaternews.com
2514,member.harland.com
2515,membercentre.fairfax.com.au
2516,members.dukeexechealth.org
2517,members.easynews.com
2518,members.efa.org.au
2519,members.mtna.org
2520,members.nearlyfreespeech.net
2521,members.tip.net.au
2522,memorydealers.com
2523,memset.com
2524,mentor.com
2525,merton.gov.uk
2526,metapress.com
2527,metapress.org
2528,metasearch.kib.ki.se
2529,metashop.at
2530,metrics.extremetech.com
2531,metrics.geek.com
2532,metrix.net
2533,mghocd.org
2534,mi5.gov.uk
2535,microsoft.com
2536,microsoftstore.com
2537,middelburg.nl
2538,middendrenthe.nl
2539,midlothian.gov.uk
2540,miga.org
2541,mijn.ing.nl
2542,mijnlandal.nl
2543,mijnwestlandutrecht.nl
2544,mijnzakelijk.ing.nl
2545,mikel.olasagasti.info
2546,mikrocontroller.net
2547,milchweb.frieslandcampina.com
2548,miles-and-more.com
2549,milkandmore.co.uk
2550,miltonkeynes.gov.uk
2551,min.us
2552,minbzk.nl
2553,mincommsy.uni-hamburg.de
2554,minecraft.net
2555,minfin.nl
2556,miniatur-wunderland.de
2557,mint.com
2558,minus.com
2559,mips.com
2560,mirbsd.org
2561,misc.blogsmith.aol.com
2562,mises.org
2563,mitpressjournals.org
2564,mitsubishi.com
2565,mittidg.idg.se
2566,miun.se
2567,mix-computer.de
2568,mixcloud.com
2569,mixpanel.com
2570,mixx.com
2571,mndigital.com
2572,mobify.com
2573,mobify.me
2574,mobifyagogo.wpengine.netdna-cdn.com
2575,mobile-ent.biz
2576,mobot.net
2577,mobygames.com
2578,mochahost.com
2579,modelaircraft.org
2580,modsecurity.org
2581,moerdijk.nl
2582,moikrug.ru
2583,moinmo.in
2584,mojofarm.mediaplex.com
2585,moka5.com
2586,mokafive.com
2587,mollom.com
2588,momentusmedia.com
2589,monarch.co.uk
2590,moneybookers.com
2591,moniker.com
2592,monmouthshire.gov.uk
2593,moodle.caltech.edu
2594,moonpig.com
2595,moonpig.com.au
2596,moroccanbazaar.co.uk
2597,morrisons.co.uk
2598,moses.com
2599,motherjones.com
2600,motherless.com
2601,move.va.gov
2602,movelia.es
2603,moveon.org
2604,moveonpac.org
2605,mozdev.org
2606,mozilla.com
2607,mozilla.net
2608,mozilla.org
2609,mozillalabs.com
2610,mozy.co.uk
2611,mozy.com
2612,mpx.no
2613,mrh.ibizarocks.com
2614,mtac.org
2615,mtgox.com
2616,mtgsy.net
2617,mtnafoundation.org
2618,mtv.uol.com.br
2619,mufin.com
2620,mullet.se
2621,mullvad.net
2622,multiply.crwdcntrl.net
2623,multivu.com
2624,musikerforbundet.se
2625,muss.alumni.utah.edu
2626,mxlogic.com
2627,my.apa.org
2628,my.betteradvertising.com
2629,my.cloudfloordns.com
2630,my.comscore.com
2631,my.covad.com
2632,my.local.ch
2633,my.myfonts.com
2634,my.myfonts.net
2635,my.ratepoint.com
2636,my.safaribooksonline.com
2637,my.segpay.com
2638,my.smartbear.com
2639,my.t-mobile.com
2640,my.tmobile.com
2641,my.usda.gov
2642,my.webtapestry.net
2643,myaccount.avira.com
2644,myapnic.net
2645,mybigcommerce.com
2646,mybitcointrade.com
2647,mybuys.com
2648,mycampina.com
2649,mycanvas.com
2650,mycdsglobal.com
2651,mycharity.ie
2652,mychatagent.com
2653,mycommerce.com
2654,mycp.co.nz
2655,mydatapipe.com
2656,mydatapipe.net
2657,mydigipass.com
2658,mydrive.ch
2659,myedaccount.com
2660,myeddebt.com
2661,myfonts.com
2662,mygatekeeper.verisign.com.au
2663,mygnu.de
2664,mygoya.de
2665,myhearstnewspaper.com
2666,myhosting.com
2667,mymerchantguard.com
2668,mynortonaccount.com
2669,mypayquake.com
2670,mypcbackup.com
2671,myplaydirect.com
2672,mypoints.com
2673,mypostbusiness.ch
2674,myresumeagent.com
2675,myshannonconnection.org
2676,mysolarcity.com
2677,mysql.com
2678,mysql.de
2679,mysql.fr
2680,mysql.it
2681,mytritonlink.ucsd.edu
2682,myucsdchart.ucsd.edu
2683,myuhc.com
2684,myus.com
2685,myvolunteerpage.com
2686,mywebsite.1and1.ca
2687,mywebsite.1and1.co.uk
2688,mywebsite.1and1.com
2689,mywebsitepersonal.1and1.ca
2690,mywebsitepersonal.1and1.co.uk
2691,mywebsitepersonal.1and1.com
2692,mywot.com
2693,n-aana.org
2694,n-kesteven.gov.uk
2695,n-somerset.gov.uk
2696,na.decdna.net
2697,nab.com.au
2698,nae.edu
2699,nagios.postgresql.org
2700,namecheap.com
2701,names.co.uk
2702,nanoengineering.ucsd.edu
2703,nanohub.org
2704,nardikt.ru
2705,nassau.caltech.edu
2706,nasuni.com
2707,national-lottery.co.uk
2708,nationalarchives.gov.uk
2709,nationaldefensemagazine.org
2710,nationaleatingdisorders.org
2711,nationaleombudsman.nl
2712,nationalrail.co.uk
2713,nationalreview.com
2714,nattstad.se
2715,naturvardsverket.se
2716,navicast.co.jp
2717,navynews.co.uk
2718,nccc.nl
2719,nces.ed.gov
2720,ncsu.edu
2721,ndia.org
2722,ne-web.ucsd.edu
2723,ne.edgecastcdn.net
2724,ne.ucsd.edu
2725,ne.wac.edgecastcdn.net
2726,nearlyfreespeech.net
2727,neatoshop.com
2728,necu.org
2729,necuhb.org
2730,nedlinux.com
2731,neelwafurat.com
2732,neg9.org
2733,neimanmarcus.com
2734,nelly.com
2735,nemid.dtu.dk
2736,nemid.nu
2737,neobits.com
2738,neobookings.com
2739,net-dns.org
2740,net-security.org
2741,netbeat.de
2742,netbel.oxfamireland.org
2743,netdoktor.se
2744,neteller-group.com
2745,neteller.com
2746,netelligent.ca
2747,netgear.com
2748,netiq.com
2749,nets-danid.dk
2750,netscape.com
2751,nettica.com
2752,networkredux.com
2753,networksolutions.com
2754,networkworld.com
2755,netzclub.net
2756,netzpolitik.org
2757,newcastle.gov.uk
2758,neweb.ucsd.edu
2759,newit.co.uk
2760,newmoon.com
2761,newrelic.com
2762,news.lenovo.com
2763,news.local.ch
2764,news.uga.edu
2765,news.ycombinator.com
2766,newsandinsight.thomsonreuters.com
2767,newsblur.com
2768,newscientist.com
2769,newsgator.com
2770,newspaperdirect.com
2771,newsvine.com
2772,newzbin.com
2773,newzbin2.es
2774,nexcess.net
2775,next.co.uk
2776,nextbus.com
2777,nhs.uk
2778,nhsdirect.nhs.uk
2779,nhw.se
2780,nic.ac
2781,nic.cz
2782,nic.io
2783,nicotine-anonymous.org
2784,nine-2-one.com
2785,ning.com
2786,ninite.com
2787,nintendo.com
2788,niveusluna.org
2789,nlayer.net
2790,nlg.org
2791,nlm.nih.gov
2792,nlnetlabs.nl
2793,no-ip.com
2794,no.de
2795,noc.ac.uk
2796,nodejitsu.com
2797,nodpi.org
2798,noisebridge.net
2799,nokia.co.uk
2800,nokiausa.com
2801,noordwijkerhout.nl
2802,nordichardware.com
2803,nordichardware.se
2804,nordnet.se
2805,nordu.net
2806,noris.net
2807,norman.com
2808,north-herts.gov.uk
2809,northdown.gov.uk
2810,northern-indymedia.org
2811,northnorfolk.org
2812,northpole.fi
2813,northwarks.gov.uk
2814,norton.com
2815,norwegian.com
2816,notesappstore.com
2817,nottingham.ac.uk
2818,nottinghamshire.gov.uk
2819,notwithoutawarrant.com
2820,now-static.norton.com
2821,now.netapp.com
2822,nppa.org
2823,npr.org
2824,nr-media-01.nationalreview.com
2825,nrc-cnrc.gc.ca
2826,nrc.gov
2827,nrel.gov
2828,nrelate.com
2829,nrf.com
2830,nro.net
2831,nsa.gov
2832,nsf.gov
2833,nslds.ed.gov
2834,nsrc.org
2835,nswebmail.uk.clara.net
2836,ntchosting.com
2837,nttxstore.jp
2838,ntu.ac.uk
2839,ntualumni.org.uk
2840,ntvspor.net
2841,nuevasync.com
2842,nuget.org
2843,nuigalway.ie
2844,nutricentre.com
2845,nva.org
2846,nydailynews.com
2847,nyu.edu
2848,nzbindex.com
2849,nzbindex.nl
2850,nzbmatrix.com
2851,o2-tv.cz
2852,o2.co.uk
2853,o2.cz
2854,o2extra.cz
2855,o2online.de
2856,o2shop.cz
2857,o2tv.cz
2858,oag.com
2859,oas.five.tv
2860,oasc08.247realmedia.com
2861,ocforums.com
2862,odmenazadobiti.cz
2863,offeredby.net
2864,office.co.uk
2865,officersforbundet.se
2866,ogt.jp
2867,ohiostatealumni.org
2868,ohloh.com
2869,ohloh.net
2870,ohloh.org
2871,oip.sc.egov.usda.gov
2872,oip.usda.gov
2873,okcupid.com
2874,olark.com
2875,olasagasti.info
2876,oldebroek.nl
2877,om.dowjoneson.com
2878,om.eamobile.com
2879,omnigroup.com
2880,omnitec.com
2881,omniture.chip.eu
2882,omniture.nvidia.com
2883,omnovia.com
2884,omron.com
2885,on.fb.me
2886,on.lung.ca
2887,on24.com
2888,one.com
2889,onegooddriver.com
2890,onehub.com
2891,online-office.1and1.ca
2892,online-office.1and1.co.uk
2893,online.businesslink.gov.uk
2894,online.fit.edu
2895,online.statefarm.com
2896,online.uen.org
2897,online.vodafone.co.uk
2898,online2.statefarm.com
2899,onlinebanking.bankcoop.ch
2900,onlinebanking.tdbank.com
2901,onlinefamily.norton.com
2902,onlinelibrary.wiley.com
2903,onlinelibrarystatic.wiley.com
2904,onlineregister.com
2905,ontrac.com
2906,ooshirts.com
2907,ooyala.com
2908,open-mesh.com
2909,open-pc.com
2910,openbenchmarking.org
2911,openbsdeurope.com
2912,openclipart.org
2913,opendesktop.org
2914,opendns.com
2915,opendnssec.org
2916,opengl.org
2917,openhost.co.nz
2918,openhost.net.nz
2919,openid.net
2920,openid.yubico.com
2921,openknowledge.worldbank.org
2922,openleaks.org
2923,openprinting.org
2924,opensc-project.org
2925,opensecrets.org
2926,openskillz.com
2927,opensource.com
2928,opensrs.com
2929,opensrs.net
2930,openssl.org
2931,opentemplate.org
2932,opentransfer.com
2933,openttd.org
2934,openttdcoop.org
2935,openvpn.net
2936,openwrt.org
2937,operationfabulous.com
2938,opsterland.nl
2939,opticsinfobase.org
2940,optimalpayments.com
2941,optimized-by.rubiconproject.com
2942,optimizely.com
2943,oracle.com
2944,oralb.com
2945,orange.co.il
2946,ordbogen.com
2947,order.1and1.ca
2948,order.1and1.co.uk
2949,order.1and1.com
2950,order2009.bytemark.co.uk
2951,ordercourses.com
2952,ordermychecks.com
2953,oregonstate.edu
2954,origin-ars.els-cdn.com
2955,origin-cdn.els-cdn.com
2956,origin.com
2957,origin.myfonts.com
2958,origin.myfonts.net
2959,ornl.gov
2960,oron.com
2961,osa.org
2962,osadl.org
2963,oscigen.org
2964,osec.pl
2965,osha.gov
2966,oss.nl
2967,osu.edu
2968,osufoundation.org
2969,osuosl.org
2970,otalliance.org
2971,otavamedia.fi
2972,ottospora.nl
2973,outlet.lenovo.com
2974,outofcontrol.ca
2975,overclockers.co.uk
2976,overclockers.com
2977,overheid.nl
2978,overijssel.nl
2979,overlakehospital.org
2980,oversee.net
2981,ovh.co.uk
2982,ovh.com
2983,ovh.de
2984,ovscruise.com
2985,owasp.org
2986,owl.english.purdue.edu
2987,owncube.com
2988,oxfamirelandunwrapped.com
2989,ozbargain.com.au
2990,ozlabs.org
2991,p.iivt.com
2992,p.liadm.com
2993,p.widgetserver.com
2994,p3pwiz.com
2995,page.ly
2996,pagead2.googlesyndication.com
2997,pagekite.net
2998,pages03.net
2999,pair.com
3000,pairlite.com
3001,pairnic.com
3002,pamconsult.com
3003,pamela.biz
3004,pamfax.biz
3005,panel.bytemark.co.uk
3006,panel.dreamhost.com
3007,panel.kei.pl
3008,panel.preyproject.com
3009,panic.com
3010,pantheos.com
3011,pantherexpress.net
3012,pantherpass.fit.edu
3013,pantherportal.cdnetworks.com
3014,parabol.canaldigital.no
3015,parallels.com
3016,parature.com
3017,pardot.com
3018,partidopirata.es
3019,partner.googleadservices.com
3020,partnernet.avira.com
3021,partnerreg.seagate.com
3022,partners.smartname.com
3023,partypoker.com
3024,pass-web.ridemetro.org
3025,passthepopcorn.me
3026,password.1and1.ca
3027,password.1and1.co.uk
3028,password.1and1.com
3029,password.dmu.ac.uk
3030,passwordcard.org
3031,paste.openttdcoop.org
3032,pastee.org
3033,patent.resource.org
3034,patexia.com
3035,pay.gov
3036,paycheckrecords.com
3037,payments.amazon.com
3038,paypal.co.uk
3039,paypal.com
3040,paypalobjects.com
3041,payson.se
3042,pbagalleries.com
3043,pcard.caltech.edu
3044,pccasegear.com
3045,pccasegear.com.au
3046,pcforalla.idg.se
3047,pcicomplianthosting.com
3048,pcmd.ac.uk
3049,pcr-online.biz
3050,pcug.org.au
3051,peacemakergame.com
3052,pearsonvue.com
3053,peelregion.ca
3054,peepd.com
3055,peeringdb.com
3056,pendle.gov.uk
3057,penguinwebhosting.com
3058,pensionsmyndigheten.se
3059,performancehorizon.com
3060,personforce.com
3061,peterborough.gov.uk
3062,petsathome.com
3063,petteriraty.eu
3064,pfa.idg.se
3065,pfizer.com
3066,pfizerhelpfulanswers.com
3067,pfizerpro.com
3068,pflag.org
3069,pg.com
3070,pgbrandsampler.ca
3071,pgeveryday.ca
3072,pgeverydaysolutions.com
3073,pgl.co.uk
3074,pgp.com
3075,pgp.webtru.st
3076,phishtank.com
3077,phoromatic.com
3078,photonconsulting.com
3079,photosynth.net
3080,picplz.com
3081,pics.librarything.com
3082,pictures.dealer.com
3083,pijnacker-nootdorp.nl
3084,pimienta.org
3085,pin.ed.gov
3086,pinboard.in
3087,pingdom.com
3088,pip.verisignlabs.com
3089,piratenpartei-bayern.de
3090,piratenpartei.de
3091,piratenpartij.nl
3092,pirateparty.ca
3093,pirateparty.org.uk
3094,piratereverse.info
3095,piriform.com
3096,piscatus.se
3097,pivotaltracker.com
3098,piwik.documentfoundation.org
3099,piwik.sysmocom.de
3100,pixel.alexametrics.com
3101,pixel.mathtag.com
3102,pixi.me
3103,pixid.ideeinc.com
3104,pixlr.com
3105,pizzahut.co.uk
3106,plan.gs
3107,planet-lab.org
3108,planet.linaro.org
3109,planet.postgresql.org
3110,planete.inria.fr
3111,planetromeo.com
3112,plannedparenthood.org
3113,plazakauppa.fi
3114,pledgie.com
3115,pliktverket.se
3116,plone.org
3117,plos.org
3118,plsiii.plsinfo.org
3119,plugins.longtailvideo.com
3120,plus.net
3121,plusgirot.se
3122,plymouth.ac.uk
3123,pmetrics.performancing.com
3124,pnc.com
3125,pogo.com
3126,poivron.org
3127,poivy.com
3128,polarnopyret.se
3129,policy3.responsys.net
3130,poliisi.fi
3131,polisforbundet.se
3132,politie.nl
3133,politisktinkorrekt.info
3134,polk.com
3135,pop.claranet.de
3136,pop.com.br
3137,popatomic.org
3138,poppysports.com
3139,popup.questionpro.com
3140,portal.arpnetworks.com
3141,portal.isoc.org
3142,portal.miun.se
3143,portal.mytum.de
3144,portal.plus.net
3145,portal.prnewswire.com
3146,portal.redpill-linpro.com
3147,portal.uk.clara.net
3148,portal.vitelity.net
3149,portal.webgility.com
3150,portalen.dtu.dk
3151,portalsp.acs.ncsu.edu
3152,porteus.org
3153,portlandonline.com
3154,porvoo.fi
3155,positivessl.com
3156,post.ch
3157,posta.ch
3158,postalinspectors.uspis.gov
3159,postauto.ch
3160,postbank.de
3161,postbus.ch
3162,postdanmark.dk
3163,poste.ch
3164,posten.se
3165,posterous.com
3166,postfinance.ch
3167,postgresql.eu
3168,postgresql.org
3169,postgresql.us
3170,posti.fi
3171,postini.com
3172,postsuisseid.ch
3173,potager.org
3174,powells.com
3175,powernotebooks.com
3176,precisionpros.com
3177,premium.members.webs.com
3178,premiumize.me
3179,prenumeration.idg.se
3180,prep.rci.com
3181,press-shop-deutschland.de
3182,press-shop-france.fr
3183,press-shop-international.com
3184,press-shop-oesterreich.at
3185,press-shop.ch
3186,presscoders.com
3187,prettylightsmusic.com
3188,previa.se
3189,prf.hn
3190,priberam.pt
3191,pricegrabber.com
3192,pricerunner.co.uk
3193,pricerunner.com
3194,primus.com
3195,princeton.edu
3196,privacybox.de
3197,privacyinternational.org
3198,privacyrights.org
3199,privateinternetaccess.com
3200,privatepaste.com
3201,privatevpn.com
3202,privatewifi.com
3203,products.verisign.com
3204,professionalprivacypolicy.com
3205,profil.netzclub.net
3206,projecteuler.net
3207,projecthoneypot.org
3208,prolexic.com
3209,prometric.com
3210,proofpoint.com
3211,propublica.net
3212,propublica.org
3213,provantage.com
3214,providesupport.com
3215,proxify.com
3216,proxy.org
3217,prv.se
3218,pss.united.com
3219,ptpimg.me
3220,pubchem.ncbi.nlm.nih.gov
3221,public.resource.org
3222,publicintelligence.net
3223,publicradio.org
3224,publisher.tradedoubler.com
3225,pubmed.gov
3226,pubsoft.org
3227,puck.nether.net
3228,puma.com
3229,purecars.com
3230,purehacking.com
3231,puritan.com
3232,push.scrippsing.com
3233,pws.sc.egov.usda.gov
3234,pypi.python.org
3235,qastaging.launchpadlibrarian.net
3236,qca.qualcomm.com
3237,qip.ru
3238,qmpsum.aber.ac.uk
3239,qrobe.it
3240,qt-apps.org
3241,qt-project.org
3242,qualys.com
3243,quantcast.com
3244,quantserve.com
3245,qxl.dk
3246,qxl.no
3247,r-hpc.com
3248,r.turn.com
3249,rabobank.nl
3250,rac.co.uk
3251,rackerhacker.com
3252,rackspace.co.uk
3253,rackspace.co.za
3254,rackspace.com.hk
3255,rackspacecloud.com
3256,radian.org
3257,radioshack.com
3258,radioshackwireless.com
3259,raiffeisen.ch
3260,randomintervals.com
3261,rapid7.com
3262,rapidssl.com
3263,ras.org.uk
3264,ratepoint.com
3265,razoo.com
3266,rbu.sh
3267,rca.org
3268,rcitravelstore.co.uk
3269,rcm-images.amazon.com
3270,reachmode.com
3271,reading.gov.uk
3272,readitlaterlist.com
3273,readspeaker.com
3274,reco.se
3275,recordstoreday.com
3276,recordstoreday.tuneportals.com
3277,recyclenow.com
3278,red-pill.eu
3279,redbox.com
3280,redbridge.gov.uk
3281,redding.com
3282,redditstatic.com
3283,redhat.com
3284,redirect.1and1.co.uk
3285,redirect.1and1.com
3286,rediris.es
3287,redmine.postgresql.org
3288,redmine.ruby-lang.org
3289,refer.ly
3290,refog.com
3291,register.com
3292,register.pearsoncmg.com
3293,registratie.powned.tv
3294,reichelt.de
3295,reinvigorate.net
3296,rejseplanen.dk
3297,rememberthemilk.com
3298,rememberthemilk.jp
3299,remixdepolitiek.nl
3300,remotelyanywhere.com
3301,renkum.nl
3302,reporting.dabs.com
3303,reputation.com
3304,researchstore.com
3305,reseller.seagate.com
3306,resnet.ucsd.edu
3307,resortquestsecure.com
3308,resource.org
3309,resurs.se
3310,reviews.ratepoint.com
3311,revosec.ch
3312,revv-static.rubiconproject.com
3313,reztrip.com
3314,rfc-editor.org
3315,rheden.nl
3316,rhinosoft.com
3317,rhinosupport.com
3318,riaa.com
3319,ribblevalley.gov.uk
3320,ricardo.ch
3321,richmondshire.gov.uk
3322,ricoh.co.in
3323,ricoh.com
3324,ricoh.com.hk
3325,ricoh.sg
3326,ridemetro.org
3327,riga.lv
3328,rigb.org
3329,righthaven.com
3330,rightscon.org
3331,rijswijk.nl
3332,riksgalden.se
3333,ripe.net
3334,ris.bka.gv.at
3335,riseup.net
3336,risi.com
3337,risiinfo.com
3338,rivieratours.com
3339,rnl.ist.utl.pt
3340,robeco.nl
3341,robohash.org
3342,robotshop.com
3343,roboxchange.com
3344,rochester.edu
3345,rochford.gov.uk
3346,roger.ucsd.edu
3347,romab.com
3348,romab.se
3349,rossendale.gov.uk
3350,rother.gov.uk
3351,rotherham.gov.uk
3352,rottentomatoes.com
3353,royal.gov.uk
3354,royalnavy.mod.uk
3355,rpxnow.com
3356,rr-n1-tor.opensrs.net
3357,rr.com
3358,rredc.nrel.gov
3359,rsa.com
3360,rsbac.org
3361,rsc.org
3362,rscweb.org
3363,rspca.org.uk
3364,rspcashop.co.uk
3365,rsvp.com.au
3366,rt.com
3367,rt.openssl.org
3368,rt.ru
3369,rt.trafficfacts.com
3370,rubyforge.org
3371,rubygems.org
3372,rug.nl
3373,rugby.gov.uk
3374,rutgers.edu
3375,ryanair.com
3376,ryedale.gov.uk
3377,s-hertogenbosch.nl
3378,s.cdnwp.com
3379,s.chzbgr.com
3380,s.dsimg.com
3381,s.dx.com
3382,s.pamfax.biz
3383,s.secure.actblue.com
3384,s.smartmoney.net
3385,s.ststat.com
3386,s.tfcdn.com
3387,s01.esupport.sony.com
3388,s1.linkvp.com
3389,s3-eu-west-1.amazonaws.com
3390,s3.amazonaws.com
3391,s3.antimac.org
3392,s3.camelcamelcamel.com
3393,s3.fightforthefuture.org
3394,s3.media.squarespace.com
3395,s3.mediamatters.org
3396,s3.parature.com
3397,s3.sandbaguk.com.s3.amazonaws.com
3398,s7.fused.com
3399,sa.ed.gov
3400,sabb.com
3401,sac.se
3402,sacnas.org
3403,safe-mail.net
3404,safeweb.norton.com
3405,saga.co.uk
3406,sagepay.com
3407,sagernotebook.com
3408,sailthru.com
3409,sakerhet.idg.se
3410,salesforce.com
3411,samba.com
3412,samba.org
3413,samknows.eu
3414,sanalmarket.com.tr
3415,sandbox.mydigipass.com
3416,sanger.ac.uk
3417,sanitarium.se
3418,sans.org
3419,santander.co.uk
3420,saph.twistedmatrix.com
3421,savage2.com
3422,savethekoala.com
3423,sbb.ch
3424,sbi.co.in
3425,sbnation.com
3426,sbrf.ru
3427,sc.smartmoney.net
3428,scenemusic.net
3429,scenetap.com
3430,scepsis.ru
3431,schiedam.nl
3432,schijndel.nl
3433,schneideroptics.com
3434,schneier.com
3435,schokokeks.org
3436,schools.dl.ed.gov
3437,schooltoprison.org
3438,schrodinger.com
3439,schweissgut.net
3440,sciencedirect.com
3441,sciencemag.org
3442,scientificlinux.org
3443,scintilla.utwente.nl
3444,scmagazineus.com
3445,scopus.com
3446,scotborders.gov.uk
3447,scottevest.com
3448,scottish-country-cottages.co.uk
3449,scrapbookroyalty.org
3450,screenit.com
3451,scriptor.caltech.edu
3452,scripts.liftshare.com
3453,sdacs.ucsd.edu
3454,sdc.countquest.se
3455,sdss3.org
3456,se.ucsd.edu
3457,seagate.com
3458,seal.globalsign.com
3459,seal.starfieldtech.com
3460,seal.verisign.com
3461,sealinfo.verisign.com
3462,sealswithclubs.eu
3463,search.mywot.com
3464,searchengineland.com
3465,searchmarketingexpo.com
3466,searchmarketingnow.com
3467,seba-geek.de
3468,sec.crain.com
3469,sec.gov
3470,secular.org
3471,secularstudents.org
3472,secunet.com
3473,secunia.com
3474,secure-u.de
3475,secure.acpa.ca
3476,secure.admin.illinois.edu
3477,secure.aquiss.net
3478,secure.assets.tumblr.com
3479,secure.asufoundation.org
3480,secure.avaaz.org
3481,secure.buypremiumtech.net
3482,secure.chem.byu.edu
3483,secure.claranetsoho.co.uk
3484,secure.comic-con.org
3485,secure.couragecampaign.org
3486,secure.creocommunico.com
3487,secure.critpath.org
3488,secure.datapipe.com
3489,secure.directorsdesk.com
3490,secure.domaintools.com
3491,secure.dslreports.com
3492,secure.eloqua.com
3493,secure.fanboy.co.nz
3494,secure.gamblingcommission.gov.uk
3495,secure.gaug.es
3496,secure.gktw.org
3497,secure.grepular.com
3498,secure.healthcheckusa.com
3499,secure.hollywoodreporter.com
3500,secure.hostsearch.com
3501,secure.hslda.org
3502,secure.img-cdn.mediaplex.com
3503,secure.indeed.com
3504,secure.ipage.com
3505,secure.juno.co.uk
3506,secure.junodownload.com
3507,secure.landal.com
3508,secure.lenos.com
3509,secure.metrix.net
3510,secure.nationaljournal.com
3511,secure.nature.com
3512,secure.netpr.pl
3513,secure.nildram.net
3514,secure.nypost.com
3515,secure.oron.com
3516,secure.palmcoastd.com
3517,secure.pangaea.de
3518,secure.payconnect.net
3519,secure.piriform.com
3520,secure.prleap.com
3521,secure.reichelt.de
3522,secure.shareit.com
3523,secure.sipgate.at
3524,secure.sipgate.co.uk
3525,secure.skandiabanken.no
3526,secure.smartmoney.net
3527,secure.store.ancestry.com
3528,secure.swisspostbox.com
3529,secure.syllabushare.com
3530,secure.syndetics.com
3531,secure.tweakers.net
3532,secure.typography.com
3533,secure.utopia-web.com
3534,secure.vispa.net.uk
3535,secure.webmercs.com
3536,secure.wlxrs.com
3537,secure.xaraonline.com
3538,secure02.kidshealth.org
3539,secure2.comic-con.org
3540,secure2.convio.net
3541,secure3.convio.net
3542,secured.sandbag.uk.com
3543,secureholidays.com
3544,securelist.com
3545,securemedia.newjobs.com
3546,securepaths.com
3547,securepaynet.net
3548,security.ngoinabox.org
3549,security.nl
3550,securitymetrics.com
3551,securityweek.com
3552,securosis.com
3553,secwiki.org
3554,sedo.co.uk
3555,sedo.com
3556,sedo.de
3557,sedo.fr
3558,seetickets.com
3559,segpaychat.com
3560,segpaycs.com
3561,sehirfirsati.com
3562,selger.canaldigital.no
3563,sellaband.com
3564,seminary.lds.org
3565,senate.gov
3566,sendmail.com
3567,seo.com
3568,serialist.net
3569,server.iad.liveperson.net
3570,serverfault.com
3571,serverstatus.bluehost.com
3572,service.futurequest.net
3573,service.gatorlink.ufl.edu
3574,service.mail.com
3575,service.snafu.de
3576,service.velaro.com
3577,service.xara.com
3578,serviceplus.cengage.com
3579,services.fit.edu
3580,services.social.microsoft.com
3581,services.wsje.com
3582,setup.tenderapp.com
3583,sevenoaks.gov.uk
3584,sf.net
3585,sfm-offshore.com
3586,sfsecuremail.statefarm.com
3587,sgsstudentbostader.se
3588,shagaholic.com
3589,shannonhealth.com
3590,share.aber.ac.uk
3591,shareholder.com
3592,sharenice.org
3593,sharethis.com
3594,sheetmusicplus.com
3595,sheffield.gov.uk
3596,shibboleth.aber.ac.uk
3597,shield.sitelock.com
3598,shop.1and1.co.uk
3599,shop.1and1.com
3600,shop.abc.net.au
3601,shop.canonical.com
3602,shop.entheogene.de
3603,shop.harman.com
3604,shop.idg.se
3605,shop.lenovo.com
3606,shop.medikamente-per-klick.de
3607,shop.novell.com
3608,shop.openbsdeurope.com
3609,shop.opensuse.org
3610,shop.sysmocom.de
3611,shop.teac.com
3612,shop.toonpool.com
3613,shop.vhf.de
3614,shop.vodafone.co.uk
3615,shop.vodafone.de
3616,shopbootsusa.com
3617,shopify.com
3618,shoplocal.com
3619,shoppbs.org
3620,shopperapproved.com
3621,shopping.ba.com
3622,shopwiki.com
3623,shopzilla.com
3624,showcase-tv.com
3625,shrinktheweb.com
3626,shs.ucsd.edu
3627,si.se
3628,sics.se
3629,sidux-ev.org
3630,sifomedia.idg.se
3631,sifterapp.com
3632,sigmabeauty.com
3633,signin.aws.amazon.com
3634,signin.crn.com
3635,signup.dreamhost.com
3636,signup.opensrs.com
3637,silicon.com
3638,simmarket.com
3639,simon.butcher.name
3640,sinaportal.secunet.com
3641,singlefeed.com
3642,sinnfein.ie
3643,sipgate.at
3644,sipgate.co.uk
3645,sis.amazon.com
3646,sis.gov.uk
3647,site5.com
3648,siteground.com
3649,sitemason.com
3650,sitemason.vanderbilt.edu
3651,sitemasonmail.com
3652,sitemasonmail.com.moses.com
3653,sitetools.ratepoint.com
3654,sitetrustnetwork.com
3655,sittard-geleen.nl
3656,sivers.org
3657,sixapart.com
3658,sixapart.jp
3659,sixxs.net
3660,sizzlesitesinc.com
3661,sj.se
3662,sk.mbank.eu
3663,skandia.se
3664,skandiabanken.no
3665,skat.dk
3666,skipscreen.com
3667,skitch.com
3668,skydsl.eu
3669,sl.se
3670,slashdot.org
3671,slettmeg.no
3672,slf.se
3673,slhost.com
3674,slideshare.net
3675,slo-tech.com
3676,slough.gov.uk
3677,slu.se
3678,smallingerland.nl
3679,smartadserver.com
3680,smartaremobil.idg.se
3681,smartbrief.com
3682,smartftp.com
3683,smarthide.com
3684,smartlessons.ifc.org
3685,smiley.37signals.com
3686,smjg.org
3687,snagajob.com
3688,snapnames.com
3689,snelis.com
3690,snelpanel.com
3691,snelserver.com
3692,snsbank.nl
3693,so.cl
3694,so36.net
3695,soap.com
3696,soapboxcms.com
3697,social.expression.microsoft.com
3698,social.lenovo.com
3699,socialbakers.com
3700,socialsecurity.gov
3701,societyforscience.org
3702,sockassist.com.au
3703,sodahead.com
3704,software.ucsd.edu
3705,softwarefreedom.org
3706,solarcity.com
3707,solarsystem.nasa.gov
3708,solihull.gov.uk
3709,somerset.gov.uk
3710,someserver.de
3711,sony-europe.com
3712,sony.com
3713,sony.se
3714,sonyentertainmentnetwork.com
3715,soraiseyourglasses.com
3716,sorry.google.com
3717,soton.ac.uk
3718,soundstrue.com
3719,soundunwound.com
3720,source.schokokeks.org
3721,sourceforge.jp
3722,sourceforge.net
3723,southampton.gov.uk
3724,southend.gov.uk
3725,southern-electric.co.uk
3726,southglos.gov.uk
3727,southlanarkshire.gov.uk
3728,southwark.gov.uk
3729,sp.nl
3730,sp.onlinelibrary.wiley.com
3731,sp.sony-europe.com
3732,sp.velaro.com
3733,space.dtu.dk
3734,space.hgo.se
3735,spacex.com
3736,spam.fit.edu
3737,spamgourmet.com
3738,spanair.com
3739,sparkfun.com
3740,sparkstudios.com
3741,spcala.com
3742,spdx.org
3743,speakeasy.net
3744,specialforces.com
3745,specmod.hjv.dk
3746,speech.leseweb.dk
3747,speed.twistedmatrix.com
3748,spendbitcoins.com
3749,spideroak.com
3750,spin.de
3751,spirit.com
3752,splendidbacon.com
3753,spline.inf.fu-berlin.de
3754,spoki.lv
3755,spontex.org
3756,spp.seagate.com
3757,spreadshirt.co.uk
3758,spreadshirt.com
3759,spreadshirt.net
3760,springer-gabler.de
3761,springer.com
3762,springerzahnmedizin.de
3763,springpadit.com
3764,sprint.com
3765,sproutinc.com
3766,spyderco.com
3767,sqlite.org
3768,sqsp.com
3769,squarespace.com
3770,squareup.com
3771,squirrel-webmail.surftown.com
3772,sr.se
3773,src.chromium.org
3774,srware.net
3775,ssa.gov
3776,ssafastore.co.uk
3777,ssif1.globalsigncom
3778,ssl-certificate-center.verisign.ch
3779,ssl-certificate-center.verisign.co.uk
3780,ssl-certificate-center.verisign.com
3781,ssl-certificate-center.verisign.com.au
3782,ssl-certificate-center.verisign.com.hk
3783,ssl-certificate-center.verisign.com.sg
3784,ssl-certificate-center.verisign.com.tw
3785,ssl-certificate-center.verisign.de
3786,ssl-certificate-center.verisign.dk
3787,ssl-certificate-center.verisign.es
3788,ssl-certificate-center.verisign.fr
3789,ssl-certificate-center.verisign.it
3790,ssl-certificate-center.verisign.se
3791,ssl.cdngc.net
3792,ssl.google-analytics.com
3793,ssl.kaptcha.com
3794,ssl.palmcoastd.com
3795,ssl.post-gazette.com
3796,ssl.reddit.com
3797,ssl.theatlantic.com
3798,ssl.what.cd
3799,ssl134.penguinhost.net
3800,ssl2.cdngc.net
3801,sslcdce.internapcdn.net
3802,ssllabs.com
3803,ssllin1.123-secure.com
3804,sslshopper.com
3805,sso.channel5.com
3806,sso.five.tv
3807,sso.seagate.com
3808,ssrn.com
3809,sss.gov
3810,sstatic.net
3811,st.drweb.com
3812,st.org
3813,stablehost.com
3814,stackexchange.com
3815,stackoverflow.com
3816,staffordshire.gov.uk
3817,staffrecord.aber.ac.uk
3818,staffsmoorlands.gov.uk
3819,staging.launchpadlibrarian.net
3820,stand.org
3821,starfieldtech.com
3822,startcom.org
3823,startingpage.com
3824,startlogic.com
3825,startpage.com
3826,startssl.com
3827,startssl.eu
3828,startssl.net
3829,startssl.org
3830,startssl.us
3831,starwoodhotels.com
3832,stat.ed.cupidplc.com
3833,stat.webhostingsearch.com
3834,statefarm.com
3835,statf.com
3836,static-wap.norton.com
3837,static.addtoany.com
3838,static.arxiv.org
3839,static.dealer.com
3840,static.frostwire.com
3841,static.gowalla.com
3842,static.hgmsites.net
3843,static.librarything.com
3844,static.mydrive.ch
3845,static.opensuse.org
3846,static.passthepopcorn.me
3847,static.piriform.com
3848,static.reddit.com
3849,static.seetickets.com
3850,static.sehirfirsati.com
3851,static.shoutback.com
3852,static.slo-tech.com
3853,static.sparkfun.com
3854,static.superstart.se
3855,static.tr.groupon-content.net
3856,static.vg.no
3857,static.which.net
3858,static.youmix.co.uk
3859,static.zdbb.net
3860,static01.vg.no
3861,static02.vg.no
3862,static03.vg.no
3863,static04.vg.no
3864,statichukd.com
3865,staticiad.tbe.taleo.net
3866,staticstuff.net
3867,staticv.net
3868,staticwhich.co.uk
3869,statistik-gallup.net
3870,statistik.bayern.de
3871,stats.spontex.org
3872,stayfriends.at
3873,stayfriends.ch
3874,stayfriends.de
3875,stdhivtraining.org
3876,stealthnews.com
3877,stedebroec.nl
3878,steenwijkerland.nl
3879,stirling.gov.uk
3880,stockcharts.com
3881,stopbadware.org
3882,store.lds.org
3883,store.linux.com
3884,store.litespeedtech.com
3885,store.malwarebytes.org
3886,store.yubico.com
3887,storebrand.no
3888,storefront.verisign.co.jp
3889,stripe.com
3890,strongswan.org
3891,strongvpn.com
3892,structures.ucsd.edu
3893,studentaid.ed.gov
3894,studentaid2.ed.gov
3895,studenthealth.ucsd.edu
3896,studentloans.gov
3897,studentrecord.aber.ac.uk
3898,studweb.uio.no
3899,studyabroad.admin.unt.edu
3900,submissiontechnology.co.uk
3901,subscribe.newscientist.com
3902,subscribe.ratepoint.com
3903,subscribenww.com
3904,subscription.washingtonpost.com
3905,such001.reichelt.de
3906,suicidepreventionlifeline.org
3907,sunbeltsoftware.com
3908,suntrust.com
3909,sunybroome.edu
3910,suomi.fi
3911,superantispyware.com
3912,superbreak.com
3913,supercard.ch
3914,superdrug.com
3915,superguarantee.com
3916,supermedia.com
3917,superpages.com
3918,superstart.se
3919,superuser.com
3920,support.avast.com
3921,support.bigcommerce.com
3922,support.cheme.byu.edu
3923,support.covad.com
3924,support.csbs.utah.edu
3925,support.domaintools.com
3926,support.fastwebhost.com
3927,support.ispbilling.com
3928,support.lenovo.com
3929,support.medialayer.com
3930,support.parature.com
3931,support.photobucket.com
3932,support.simplyhired.com
3933,support.tilera.com
3934,support.viddler.com
3935,support.voxer.com
3936,support.zabbix.com
3937,surftown.com
3938,surveydaddy.com
3939,surveygizmo.com
3940,survs.com
3941,suse-art.org
3942,sustainability-ornl.org
3943,svenskakyrkan.se
3944,svenskaspel.se
3945,sverigesradio.se
3946,svgopen.org
3947,svn.boost.org
3948,svn.gnumonks.org
3949,svn.macports.org
3950,svn.mozdev.org
3951,svn.openezx.com
3952,svn.openezx.net
3953,svn.openezx.org
3954,svn.python.org
3955,svn.xiph.org
3956,sweetpepper.org
3957,swetswise.com
3958,swiss.com
3959,swisspost-gls.ch
3960,swisspost.ch
3961,swisspost.com
3962,swisspostbox.com
3963,swisssign.com
3964,switch.ch
3965,switchboard.com
3966,sycom.co.jp
3967,sydostran.se
3968,symantec.com
3969,symlynx.com
3970,syndetics.com
3971,synergy-stage.eamobile.com
3972,synopsys.com
3973,sysmocom.de
3974,sysprovide.de
3975,sysstaff.ucsd.edu
3976,system.vovici.com
3977,system76.com
3978,systembolaget.se
3979,t-mobile.co.uk
3980,t-mobile.com
3981,t-mobile.nl
3982,t.album.youmix.co.uk
3983,t.co
3984,t.mookie1.com
3985,t.reputation.com
3986,t.track.youmix.co.uk
3987,t.yawoot.com
3988,t1.extreme-dm.com
3989,t1.mediamath.com
3990,t35.com
3991,tacoda.at.atwola.com
3992,tags.crwdcntrl.net
3993,tahoe-lafs.org
3994,tailormadeanswers.com
3995,taleo.com
3996,taleo.net
3997,talkhealthpartnership.com
3998,talkingphonebook.com
3999,talktalk.co.uk
4000,talktalkbusiness.co.uk
4001,tandfonline.com
4002,tandlakarforbundet.se
4003,tandridge.gov.uk
4004,tarsnap.com
4005,tasb.org
4006,tauntondeane.gov.uk
4007,taylorandfrancis.com
4008,taz.de
4009,tb.raiffeisendirect.ch
4010,tc3.edu
4011,tchibo.de
4012,tcli.ed.gov
4013,tdcanadatrust.com
4014,tdnam.com
4015,teac.co.jp
4016,teach-ats.ed.gov
4017,team-cymru.org
4018,teamviewer.com
4019,tech.lds.org
4020,techdirt.com
4021,techhouse.org
4022,techidiots.net
4023,techne1.caltech.edu
4024,technologyreview.com
4025,technologyreview.in
4026,techoffice.sedo.de
4027,techsupportalert.com
4028,techwebonlineevents.com
4029,techworld.idg.se
4030,ted.ucsd.edu
4031,teenshealth.org
4032,tehconnection.eu
4033,tel.local.ch
4034,tele2.se
4035,telefonica.cz
4036,telegraph.co.uk
4037,telemetryverification.net
4038,telia.se
4039,tenderapp.com
4040,termsofservicegenerator.com
4041,terneuzen.nl
4042,terragalleria.com
4043,terreactive.ch
4044,tesco.com
4045,tescobank.com
4046,tescocompare.com
4047,tescodiets.com
4048,tescofinance.com
4049,tescogetinvolved.com
4050,tescophoto.com
4051,test.isis.ufl.edu
4052,textbooks.com
4053,teylingen.nl
4054,thawte.com
4055,the-best-hosting.net
4056,theaa.com
4057,thebookpeople.co.uk
4058,thecutestsiteontheblock.com
4059,theeca.com
4060,thefind.com
4061,thegef.org
4062,theiabm.org
4063,thejns.org
4064,thepermitstore.com
4065,thephone.coop
4066,theprivacyblog.com
4067,theresumator.com
4068,thesims3.com
4069,thetrainline.com
4070,thinkgeek.com
4071,thinkpad.com
4072,thinkprogress.org
4073,this-download-would-be-faster-with-a-premium-account-at-good.net
4074,thisismynext.com
4075,thiswebhost.com
4076,threatpost.com
4077,three.ie
4078,threerivers.gov.uk
4079,threestore.three.co.uk
4080,thumbs.reddit.com
4081,thumbs.redditmedia.com
4082,thunderranchinc.com
4083,ticketek.cl
4084,ticketing.trch.co.uk
4085,ticketingnetworkeastmidlands.co.uk
4086,tickets.london2012.com
4087,tierra.net
4088,timbro.se
4089,tineye.com
4090,ting.com
4091,tinychat.com
4092,tinyurl.com
4093,tirerack.com
4094,tiscali.co.uk
4095,tjanster.idg.se
4096,tk.de
4097,tls.passthepopcorn.me
4098,tmbc.gov.uk
4099,tmcnet.com
4100,tmobile.com
4101,tmobile.nl
4102,tmobileuk.blackberry.com
4103,tn123.org
4104,tnnet.fi
4105,tns-counter.ru
4106,tnsinfo.com
4107,tntswisspost.com
4108,todo.ly
4109,todoist.com
4110,tofinosecurity.com
4111,tokyo-tosho.net
4112,tokyotosho.info
4113,tokyotosho.se
4114,tomsofmainestore.com
4115,tomtom.com
4116,tools.ietf.org
4117,toolserver.org
4118,topcoder.com
4119,topeka.ccmr.cornell.edu
4120,tor.uadm.uu.se
4121,torbay.gov.uk
4122,torproject.org
4123,torrentfreak.com
4124,torrentprivacy.com
4125,torrentz.com
4126,torrentz.eu
4127,torrentz.me
4128,torservers.net
4129,totalrecall.com
4130,totalrecall.switchingon.com
4131,totemapp.com
4132,tps30.doubleverify.com
4133,tqfr.caltech.edu
4134,trac.gajim.org
4135,trac.macports.org
4136,trac.xiph.org
4137,tracedseals.starfieldtech.com
4138,track.newjobs.com
4139,track.roiservice.com
4140,tracking.verisign.co.nz
4141,tracking.verisign.com.au
4142,tracking.verisign.com.hk
4143,tracking.verisign.com.tw
4144,tracks.fit.edu
4145,trader.skandiabanken.no
4146,tradera.com
4147,tradera.se
4148,trafficholder.com
4149,trafficshop.com
4150,training.ebsco.com
4151,training.sss.gov
4152,transifex.net
4153,transitionnetwork.org
4154,translate.google.com
4155,translate.googleapis.com
4156,translatewiki.net
4157,translations.xfce.org
4158,transloadit.com
4159,transmode.com
4160,transportstyrelsen.se
4161,trashmail.net
4162,travel.united.com
4163,travelnow.com
4164,treasurydirect.gov
4165,tremendesk.com
4166,trialpay.com
4167,trisquel.info
4168,tritonlink.ucsd.edu
4169,truecrypt.org
4170,trust-center.verisign.ch
4171,trust-center.verisign.co.uk
4172,trust-center.verisign.com
4173,trust-center.verisign.com.au
4174,trust-center.verisign.com.sg
4175,trust-center.verisign.com.tw
4176,trust-center.verisign.de
4177,trust-center.verisign.dk
4178,trust-center.verisign.es
4179,trust-center.verisign.fr
4180,trust-center.verisign.it
4181,trust-center.verisign.se
4182,trust-guard.com
4183,trust.verisign.com.hk
4184,trustico.com
4185,trustwave.com
4186,trustworthyinternet.org
4187,truthdig.com
4188,trygghansa.se
4189,tt.se
4190,tubbergen.nl
4191,tug.org
4192,tuitam.pl
4193,tumblr.com
4194,tunnelbear.com
4195,turku.fi
4196,tutorials.bluehost.com
4197,tuv.com
4198,tuvdotcom.com
4199,tv4play.se
4200,tweakers.net
4201,tweakimg.net
4202,tweetdeck.com
4203,twimgs.com
4204,twisted4life.com
4205,twistedmatrix.com
4206,twitcasting.tv
4207,twitpic.com
4208,twitter.com
4209,twitter.jp
4210,typo3.org
4211,ua2go.com
4212,uakjobs.com
4213,ubertt.org
4214,ubuntu-art.org
4215,ubuntuone.com
4216,ubykotex.com.au
4217,uclearning.ucsd.edu
4218,ucsdbkst.ucsd.edu
4219,uden.nl
4220,udk.com
4221,uef.fi
4222,uen.org
4223,uhrzeit.org
4224,ui1.img.digitalrivercontent.net
4225,uie.com
4226,uim.tifbs.net
4227,uio.no
4228,uk.zopa.com
4229,ukfsn.org
4230,ukreg.com
4231,ukwebsolutionsdirect.co.uk
4232,ul.to
4233,umanitoba.ca
4234,umonitor.com
4235,un.org
4236,unbit.it
4237,unbound.net
4238,underground-gamer.com
4239,underskog.no
4240,unfpa.org
4241,uni-muenchen.de
4242,uni-stuttgart.de
4243,uniblue.com
4244,unicaondemand.com
4245,unid.utah.edu
4246,unigine.com
4247,unistra.fr
4248,united.com
4249,uniteddomains.com
4250,unitednuclear.com
4251,unitedsafcu.org
4252,universalsubtitles.org
4253,unm.edu
4254,unodc.org
4255,unt.edu
4256,uofulaw.org
4257,up0.net
4258,upay.co.uk
4259,upaymobile.co.uk
4260,upc.edu
4261,upc.es
4262,upforit.com
4263,upgnation.com
4264,upload.yubico.com
4265,uploaded.to
4266,uploads.va.gov
4267,upphandling24.idg.se
4268,uprotect.it
4269,upu.int
4270,uqwimax.jp
4271,urbanterror.info
4272,us-cert.gov
4273,us.hsbc.com
4274,us.norton.com
4275,usa.gov
4276,usajobs.gov
4277,usbank.com
4278,usc.edu
4279,usdoedregistration.ed.gov
4280,usenix.org
4281,userecho.com
4282,users.dal.net
4283,userscripts.org
4284,uservoice.com
4285,usi.edu
4286,usps.com
4287,uspsoig.gov
4288,usrjoy.com
4289,usvisa-info.com
4290,utdallas.edu
4291,utexas.edu
4292,utica.edu
4293,utils.its.caltech.edu
4294,utl.pt
4295,utrecht.nl
4296,uttlesford.gov.uk
4297,uu.se
4298,uw.edu
4299,uxt.ucsd.edu
4300,v2.visualwebsiteoptimizer.com
4301,v75.xiti.com
4302,va.gov
4303,vacanteen.va.gov
4304,vacareers.va.gov
4305,vaforvets.va.gov
4306,valeofglamorgan.gov.uk
4307,valueapplications.com
4308,vanillamastercard.com
4309,vansso.harland.net
4310,vast.com
4311,vcint.com
4312,vectormediagroup.com
4313,vendetta-online.com
4314,vendorsvoice.idg.se
4315,veracode.com
4316,verbraucher-sicher-online.de
4317,vereinigte-ikk.de
4318,verifiedvoting.org
4319,verifiedvotingfoundation.org
4320,verisign-japan-domain.com
4321,verisign.be
4322,verisign.ch
4323,verisign.co.jp
4324,verisign.co.nz
4325,verisign.co.uk
4326,verisign.com
4327,verisign.com.au
4328,verisign.com.br
4329,verisign.com.hk
4330,verisign.com.sg
4331,verisign.com.tw
4332,verisign.de
4333,verisign.dk
4334,verisign.es
4335,verisign.fr
4336,verisign.it
4337,verisign.nl
4338,verisign.se
4339,verisigninc.com
4340,verisignlabs.com
4341,vesica.ws
4342,vg.no
4343,viaverio.com
4344,vic20.blipp.com
4345,viddler.com
4346,video.linux.com
4347,video.pbs.org
4348,videolan.org
4349,vidn.verisign.com
4350,viedemerde.fr
4351,viewmychart.com
4352,villas4you.co.uk
4353,vipserv.org
4354,virginaustralia.com
4355,virginiamason.org
4356,virusec.com
4357,virustotal.com
4358,visionairlines.com
4359,visitorboost.com
4360,vispashop.com
4361,vistech.net
4362,vistumbler.net
4363,visual-paradigm.com
4364,visualwebsiteoptimizer.com
4365,vitalads.com
4366,vitamintalent.com
4367,vivaciti.net
4368,viviscal.co.uk
4369,vjs.zencdn.net
4370,vlagtwedde.nl
4371,vlc-addons.org
4372,vle.dmu.ac.uk
4373,vlissingen.nl
4374,vmware.com
4375,voa.va.gov
4376,vodafone.co.nz
4377,vodafone.co.uk
4378,vodafone.de
4379,vodafone.ie
4380,voicedailydeals.com
4381,voipuserportal.co.uk
4382,volcanoecigs.com
4383,volkswagenbank.de
4384,vonage.ca
4385,vonage.co.uk
4386,vonage.com
4387,vorratsdatenspeicherung.de
4388,votervoice.net
4389,voting.academiccouncil.duke.edu
4390,voucherexpress.co.uk
4391,vovici.com
4392,voyager.aber.ac.uk
4393,vp1-voiceportal.megapath.com
4394,vpn4all.com
4395,vpnreactor.com
4396,vps.net
4397,vr.se
4398,vs.demandmedia.com
4399,vstech.net
4400,vttts.readspeaker.com
4401,vtunnel.com
4402,vue.com
4403,vueling.com
4404,vuze.com
4405,vzaar.com
4406,w00t.com
4407,w01.my-files.de
4408,w1.buysub.com
4409,w3roi.com
4410,waarschuwingsdienst.nl
4411,wac.1ac1.edgecastcdn.net
4412,wac.edgecastcdn.net
4413,wachovia.com
4414,waffles.fm
4415,wageningen.nl
4416,wagner.edu
4417,walkit.com
4418,walthamforest.gov.uk
4419,warrington.gov.uk
4420,washington.edu
4421,washpost.com
4422,wayf.ukfederation.org.uk
4423,wbginvestmentclimate.org
4424,wck2.companieshouse.gov.uk
4425,wdfiles.com
4426,wealthytheatre.org
4427,wearechoosy.com
4428,weather.mercurynews.com
4429,weatherzone.com.au
4430,web-registry.com
4431,web.blogads.com
4432,web.caltech.edu
4433,web.com
4434,web.nvd.nist.gov
4435,web.satd.uma.es
4436,web4u.cz
4437,web5.uottawa.ca
4438,webapp.icarol.com
4439,webappl.web.sh.se
4440,webapps.mandriva.com
4441,webassets.scea.com
4442,webassign.net
4443,webbyawards.com
4444,webclaim.net
4445,webdav.mydrive.ch
4446,webfaction.com
4447,webfonts.fonts.com
4448,webfonts.fontslive.com
4449,webforms.lidl.com
4450,webftp.dreamhost.com
4451,webfwd.org
4452,webgility.com
4453,webhost.biz
4454,webhostingstuff.com
4455,webkit.org
4456,webmail.aber.ac.uk
4457,webmail.axboe.dk
4458,webmail.bln.de.clara.net
4459,webmail.caltech.edu
4460,webmail.claranet.pt
4461,webmail.daily.co.uk
4462,webmail.dmu.ac.uk
4463,webmail.fit.edu
4464,webmail.graasmilk.net
4465,webmail.hosts.co.uk
4466,webmail.nedlinux.com
4467,webmail.planet-school.de
4468,webmail.plus.net
4469,webmail.prq.se
4470,webmail.schokokeks.org
4471,webmail.server1.firstfind.nl
4472,webmail.sf-mail.de
4473,webmail.talkactive.net
4474,webmail.ucsd.edu
4475,webmail.uu.se
4476,webmail.wippies.com
4477,webmail.yourhosting.nl
4478,webmail4.names.co.uk
4479,webmailcluster.1and1.co.uk
4480,webmailcluster.perfora.net
4481,webmaker.org
4482,webpower.nl
4483,webropolsurveys.com
4484,websense.com
4485,webservices.admin.cam.ac.uk
4486,websrv01.kidshealth.org
4487,webtrends.com
4488,webvpn.caltech.edu
4489,weekendjeweg.nl
4490,weert.nl
4491,welcomecottages.com
4492,wellingborough.gov.uk
4493,wellsfargo.com
4494,welsh-country-cottages.co.uk
4495,weltbild.ch
4496,weoinvoice.com
4497,werkenbijdeoverheid.nl
4498,wesnoth.org
4499,west-lindsey.gov.uk
4500,westdevon.gov.uk
4501,westjet.com
4502,westlandutrecht.nl
4503,westlandutrechtbank.nl
4504,westminster.gov.uk
4505,westoxon.gov.uk
4506,westpac.com.au
4507,westsussex.gov.uk
4508,what.cd
4509,whatimg.com
4510,whatismyip.com
4511,whatsuccesstakes.com
4512,which.co.uk
4513,whispergifts.com
4514,whitelabeldating.alcuda.com
4515,whitelabeldating.cupidplc.com
4516,whitepages.com
4517,whmcs.com
4518,whois.domaintools.com
4519,wickedlasers.com
4520,widgetbox.com
4521,widgets.sodahead.com
4522,widgetserver.com
4523,wierden.nl
4524,wifidb.net
4525,wigan.gov.uk
4526,wiggle.co.uk
4527,wigle.net
4528,wijchen.nl
4529,wiki.amahi.org
4530,wiki.c-base.org
4531,wiki.crypto.is
4532,wiki.fsfe.org
4533,wiki.linaro.org
4534,wiki.postgresql.org
4535,wiki.schokokeks.org
4536,wiki.vorratsdatenspeicherung.de
4537,wiki.xfce.org
4538,wiki.xiph.org
4539,wikibooks.org
4540,wikidata.org
4541,wikidot.com
4542,wikimedia.org
4543,wikimediafoundation.org
4544,wikinews.org
4545,wikipedia.org
4546,wikiquote.org
4547,wikisource.org
4548,wikispaces.com
4549,wikiversity.org
4550,wiktionary.org
4551,wildwestdomains.com
4552,williamhill.com
4553,williams.edu
4554,willowgarage.com
4555,win-rar.com
4556,windows.mouselike.org
4557,winpcap.org
4558,winterswijk.nl
4559,wipmania.com
4560,wireshark.org
4561,wirral.gov.uk
4562,wishmich.org
4563,wizards.com
4564,wl.easydategroup.com
4565,wlfriends.org
4566,wodc.nl
4567,wolverhampton.gov.uk
4568,woot.com
4569,wordnik.com
4570,workplacegiving.co.uk
4571,worldmarkbywyndham.com
4572,worldpanelinfo.com
4573,worldwinner.com
4574,worstpills.org
4575,wp.patheos.com
4576,wpacracker.com
4577,wpengine.com
4578,wrms.catalyst.net.nz
4579,ws.amazon.com
4580,wsjeuropesubs.com
4581,wsjsafehouse.com
4582,wsws.org
4583,wtfuzz.com
4584,wuala.com
4585,wunderlist.com
4586,ww7.investorrelations.co.uk
4587,wwdomains.com
4588,wyndham.com
4589,wyndhamrentals.com
4590,wyzant.com
4591,wz2100.net
4592,x14.eu
4593,xagasoft.com
4594,xavisys.com
4595,xda-developers.com
4596,xfce-help.org
4597,xfce-look.org
4598,xhamster.biz
4599,xing.com
4600,xiph.org
4601,xmarks.com
4602,xmission.com
4603,xmos.com
4604,xoskins.com
4605,xpd.se
4606,xs4all.nl
4607,xservers.ro
4608,xt-commerce.com
4609,ya.ru
4610,yaha.no
4611,yakala.co
4612,yandex.net
4613,yandex.ru
4614,yellow.local.ch
4615,yellowpagesoptout.com
4616,yemeksepeti.com
4617,yeswescan.org
4618,yfrog.com
4619,ygnition.com
4620,yoctoproject.org
4621,york.cuny.edu
4622,youhavedownloaded.com
4623,your-freedom.net
4624,your.myfonts.com
4625,your.myfonts.net
4626,your.trash.net
4627,youtu.be
4628,youtube-nocookie.com
4629,youtube.com
4630,ypassociation.org
4631,yu.edu
4632,yubico.com
4633,zaltbommel.nl
4634,zandvoort.nl
4635,zareason.com
4636,zataz.com
4637,zazzle.com
4638,zeeland.nl
4639,zeist.nl
4640,zen.co.uk
4641,zendesk.com
4642,zenfolio.com
4643,zerorobotics.org
4644,zeroxx.nl
4645,zillow.com
4646,zillowstatic.com
4647,zimbra.com
4648,zimbrablog.com
4649,zipcloud.com
4650,ziplist.com
4651,zoink.it
4652,zoklet.net
4653,zoomerang.com
4654,zoosk.com
4655,zopa.com
4656,zotero.org
4657,ztunnel.com
4658,zugaina.org
4659,zutphen.nl
4660,zwijndrecht.nl
